Greg Mat 959,Vocab Capacity 1300,Manhattan 999,Magoosh 1000,Barron's 1132,Barron's 800,Barron's 333,Barron's 333-800,Barron's 300-800-333,,,Greg Mat,Vocab Capacity,Manhattan,Magoosh,Barron's 1132,Barron's 800,Barron's 333,Other 6
abate,abase,abase,aberrant,a blind alley,abate,abate,bombast,arcane,,Greg Mat,959,415,401,385,277,268,189,703
aberrant,abashed,abate,aberration,a bolt from the blue,abdicate,aberrant,cacophonous,causality,,Vocab Capacity,415,1300,443,427,336,307,150,878
abet,abate,abdicate,abjure,a cat's paw,aberrant,abeyance,capricious,conventional,,Manhattan,401,443,999,366,274,374,288,782
abeyance,aberration,aberrant,aboveboard,a feather in one's cap,abeyance,abscond,cogent,exacting,,Magoosh,385,427,366,1000,276,256,155,720
abhor,abeyance,abeyance,abrogate,a flash in the pan,abject,abstemious,contention,ideological,,Barron's 1132,277,336,274,276,1132,191,113,578
abide,abhors,abhor,abstain,a fly in the ointment,abjure,admonish,fledgling,metaphysical,,Barron's 800,268,307,374,256,191,800,321,599
abject,abject,abjure,abstruse,a lick and a promise,abscission,adulterate,inadvertently,resolute,,Barron's 333,189,150,288,155,113,321,333,328
abjure,abnegate,abrasive,abysmal,a pig in a poke,abscond,aesthetic,inconsequential,resolved,,,,,Number of Overlapping Words,,,,,
abound,abomination,abreast,accolade,a pretty kettle of fish,abstemious,aggregate,ingenuous,reverence,,,,,,,,,,
abreast,aboriginal,abridge,acerbic,a red herring,abstinence,alacrity,magnanimity,taciturn,,,,,Total Words,6523,,,,
abrogate,abort,abscission,acme,a sacred cow,abysmal,alleviate,malingerer,,,,,,Unique Words,3394,,,,
abscond,abound,abscond,acrimony,a square peg in a round hole,accretion,amalgamate,opprobrium,,,,,,,,,,,
abstain,abrasive,abstain,adamant,a wet blanket,accrue,ambiguous,,,,,,,,,,,,
abstract,abridge,abyss,adjudicate,a white elephant,adamant,ambivalence,,,,,,,,,,,,
abstruse,abrogate,accede,admonish,abhor,adjunct,ameliorate,,,,,,,,,,,,
accentuate,abscission,accretion,admonitory,abjure,admonish,anachronism,,,,,,,,,,,,
accessible,absolute,acerbic,advocate,abortive,adulterate,analogous,,,,,,,,,,,,
acclaim,absolve,acidulous,aesthete,abound,aesthetic,anarchy,,,,,,,,,,,,
acolyte,abstemious,acme,aesthetic,abrogate,affected,anomalous,,,,,,,,,,,,
acquiesce,abstruse,activism,affable,abstemious,affinity,antipathy,,,,,,,,,,,,
acquisitive,abysmal,acumen,affluent,absurd,aggrandize,apathy,,,,,,,,,,,,
acrimonious ,accede,adhere,afford,access,aggregate,appease,,,,,,,,,,,,
acumen,accolade,admonish,alacrity,accommodate,alacrity,apprise,,,,,,,,,,,,
adept,accretion,adulterate,altruism,accomplice,alchemy,approbation,,,,,,,,,,,,
admonish,accumulate,adumbrate,amalgam,accost,allay,appropriate,,,,,,,,,,,,
adroit,acerbic,adverse,ambiguous,Achilles heel,alleviate,arduous,,,,,,,,,,,,
adulterate,acidulous,advocate,ambivalent,acknowledge,alloy,artless,,,,,,,,,,,,
adverse,acme,aerie,ameliorate,acme,allure,ascetic,,,,,,,,,,,,
advocate,acquisitive,aesthetic,amenable,acrimonious,amalgamate,assiduous,,,,,,,,,,,,
aesthetic,acrimonious,affable,amiable,acute,ambiguous,assuage,,,,,,,,,,,,
affectation,acumen,affectation,amorphous,adamant,ambivalence,attenuate,,,,,,,,,,,,
affinity,adamant,aggrandize,amply,adherent,ambrosia,audacious,,,,,,,,,,,,
affront,adept,aggregate,amuck,admonish,ameliorate,austere,,,,,,,,,,,,
aggrandize,adequate,alacrity,anachronism,adroit,amenable,autonomous,,,,,,,,,,,,
aghast,adhere,albeit,analogous,advent,amenity,aver,,,,,,,,,,,,
agitate,admonished,alienate,anathema,adversary,amulet,banal,,,,,,,,,,,,
alacrity,adorned,alleviate,anemic,adverse,anachronism,belie,,,,,,,,,,,,
alienate,adroit,aloof,animosity,advocate,analgesic,beneficent,,,,,,,,,,,,
alleviate,adulation,amalgamate,anodyne,aegis,analogous,bolster,,,,,,,,,,,,
allusive,adulterate,ambiguous,anomalous,afflict,anarchy,bombast,,,,,,,,,,,,
aloof,adversary,ambivalent,anomaly,affluent,anodyne,boorish,,,,,,,,,,,,
altruistic,advocate,ameliorate,antedated,alacrity,anomalous,burgeon,,,,,,,,,,,,
amalgamate,aegis,amortize,antic,allay,antecedent,burnish,,,,,,,,,,,,
ambivalent,aesthetic,anachronism,antipathy,alleged,antediluvian,buttress,,,,,,,,,,,,
ameliorate,affable,analgesia,antiquated,alleviate,antipathy,cacophonous,,,,,,,,,,,,
amenable,affectation,analogous,antithetical,allude,apathy,capricious,,,,,,,,,,,,
amend,affiliated,anarchy,apathetic,aloof,apex,castigation,,,,,,,,,,,,
amicable,affront,annul,apathy,altruistic,apogee,catalyst,,,,,,,,,,,,
amorphous,aggrandized,anodyne,apex,ambiguous,apothegm,caustic,,,,,,,,,,,,
anachronistic,aghast,anoint,aphorism,ameliorate,appease,chicanery,,,,,,,,,,,,
analogous,alacrity,anomaly,aphoristic,amicable,appellation,coagulate,,,,,,,,,,,,
animosity ,algorithm,antagonize,aplomb,amnesty,apposite,coda,,,,,,,,,,,,
animus,alleviate,antedate,apocryphal,amorous,apprise,cogent,,,,,,,,,,,,
anoint,allusion,antipathy,apogee,an ax to grind,approbation,commensurate,,,,,,,,,,,,
anomalous,altruistic,antithetical,apostate,analogous,appropriate,compendium,,,,,,,,,,,,
antagonize,amalgamate,apathy,apothegm,anathema,apropos,complaisant,,,,,,,,,,,,
antedate,ambiguity,apocryphal,apotheosis,annals,arabesque,compliant,,,,,,,,,,,,
antipathy ,ambivalence,apostate,appease,anomaly,archeology,conciliatory,,,,,,,,,,,,
antithesis,ameliorated,apostle,appreciable,anthropologist,ardor,condone,,,,,,,,,,,,
apathy,amenable,appease,apprehension,antipathy,arduous,confound,,,,,,,,,,,,
apogee,amicable,apposite,approbatory,antiquated,argot,connoisseur,,,,,,,,,,,,
apologist,amortize,appreciable,appropriate,antithesis,arrest,contention,,,,,,,,,,,,
appease,ample,apprise,appurtenant,apathy,artifact,contentious,,,,,,,,,,,,
apprehension,anachronism,approbation,arbitrary,appalled,artless,contrite,,,,,,,,,,,,
apprise,analogue,appropriate,arcane,appellation,ascetic,conundrum,,,,,,,,,,,,
approbation,anathema,arbiter,arch,apple polishing,asperity,converge,,,,,,,,,,,,
appropriate,anile,arbitrary,archaic,arbiter,aspersion,convoluted,,,,,,,,,,,,
apropos,animosity,arcane,arduous,arbitrary,assiduous,craven,,,,,,,,,,,,
apt,annotation,archaic,arrant,archaic,assuage,daunt,,,,,,,,,,,,
arbitrary,annul,ardent,arriviste,ardent,astringent,decorum,,,,,,,,,,,,
arcane,anodyne,arduous,arrogate,array,asylum,default,,,,,,,,,,,,
archaic,anomaly,arrogate,artful,artifact,atavism,deference,,,,,,,,,,,,
archetype,antedate,articulate,artifice,artifice,attenuate,delineate,,,,,,,,,,,,
ardent,antediluvian,artifact,artless,artless,audacious,denigrate,,,,,,,,,,,,
arduous,antipode,artless,artlessness,as broad as it is long,austere,deride,,,,,,,,,,,,
arresting,antithesis,ascertain,ascendancy,ascend,autonomous,derivative,,,,,,,,,,,,
articulate,apace,ascetic,ascetic,ascertain,avarice,desiccate,,,,,,,,,,,,
artless,apartheid,ascribe,ascribe,ascetic,aver,desultory,,,,,,,,,,,,
ascertain,aplomb,aseptic,askance,asinine,avocation,deterrent,,,,,,,,,,,,
ascetic,apocryphal,asperity,asperity,asperity,avuncular,diatribe,,,,,,,,,,,,
ascribe,apoplectic,aspersions,assail,aspirant,axiomatic,dichotomy,,,,,,,,,,,,
aspersion,apostle,assail,assiduously,aspire,Babble,diffidence,,,,,,,,,,,,
assail,apothegm,assiduous,assuage,asset,bacchanalian,diffuse,,,,,,,,,,,,
assertive,apotheosis,assuage,atavism,assiduous,banal,digression,,,,,,,,,,,,
assuage ,appease,attenuate,attenuate,astute,banter,dirge,,,,,,,,,,,,
astringent,apportion,attuned,audacious,atrophy,bard,disabuse,,,,,,,,,,,,
astute,apposite,audacious,audacity,attenuated,bawdy,discerning,,,,,,,,,,,,
attenuate,approbation,augment,augment,attest,beatify,discordant,,,,,,,,,,,,
audacious,apropos,augury,auspicious,atypical,bedizen,discredit,,,,,,,,,,,,
augment,arbitrary,august,austere,au courant,behemoth,discrepancy,,,,,,,,,,,,
august,arcane,austere,autocratic,audacity,belie,discrete,,,,,,,,,,,,
auspicious,arch,autonomous,autonomously,augment,beneficent,disingenuous,,,,,,,,,,,,
austere,archaic,avarice,avarice,austere,bifurcate,disinterested,,,,,,,,,,,,
auxiliary,arduous,aver,avaricious,automaton,blandishment,disjointed,,,,,,,,,,,,
avaricious,arid,avid,avert,avarice,blase,dismiss,,,,,,,,,,,,
aver,arrogate,axiom,avid,aversion,bolster,disparage,,,,,,,,,,,,
aversion,articulate,balk,badger,avid,bombastic,disparate,,,,,,,,,,,,
axiomatic,artifice,balloon,baleful,awesome,boorish,dissemble,,,,,,,,,,,,
banal,artless,banal,balk,badger,bovine,disseminate,,,,,,,,,,,,
banish,ascendancy,bane,banal,bagatelle,brazen,dissolution,,,,,,,,,,,,
baroque,ascetic,base,banality,balk,broach,dissonance,,,,,,,,,,,,
barrage,ashen,baying,banish,banal,bucolic,distend,,,,,,,,,,,,
barren,askew,belie,base,barometer,burgeon,distill,,,,,,,,,,,,
base,asperity,beneficent,bastardization,bedlam,burnish,diverge,,,,,,,,,,,,
bawdy,aspersion,benign,beatific,begrudge,buttress,divest,,,,,,,,,,,,
befuddled,aspiration,bent,becoming,behind the eight ball,cacaphonous,document,,,,,,,,,,,,
beguile,assail,besiege,beg,belated,cadge,dogmatic,,,,,,,,,,,,
belie,assiduous,bevy,begrudge,belittle,callous,dormant,,,,,,,,,,,,
belligerent,assuage,bifurcate,behooves,belligerent,calumny,dupe,,,,,,,,,,,,
beneficent,astray,bilk,belie,benevolent,canard,ebullient,,,,,,,,,,,,
benevolent,astute,blight,belittle,bereft,canon,eclectic,,,,,,,,,,,,
benign,attenuate,blithe,bellicose,besiege,cant,efficacy,,,,,,,,,,,,
berate,audacious,bogus,belligerent,besmirch,cantankerous,effrontery,,,,,,,,,,,,
bereft,augment,bolster,bemoan,bias,capricous,elegy,,,,,,,,,,,,
betray,august,bombastic,benighted,bigot,captious,elicit,,,,,,,,,,,,
blithe,auspicious,bonhomie,benign,bitter pill to swallow,cardinal,embellish,,,,,,,,,,,,
bogus,austere,boor,bereft,bizarre,carnal,empirical,,,,,,,,,,,,
boisterous,authoritative,brandish,besiege,blase,carping,emulate,,,,,,,,,,,,
bolster,automaton,brook,besmirch,blatant,cartography,endemic,,,,,,,,,,,,
bombastic,autonomous,bucolic,besotted,bliss,caste,enervate,,,,,,,,,,,,
boon,avaricious,buffer,betray,blow hot and cold,castigation,engender,,,,,,,,,,,,
boorish,aver,bureaucracy,bilious,blue chip,cataclysm,enhance,,,,,,,,,,,,
bravado,aversion,burgeon,blatant,blunt,catalyst,ephemeral,,,,,,,,,,,,
brazen,avuncular,burnish,bleak,bogus,categorical,equanimity,,,,,,,,,,,,
bridle,badger,buttress,blinkered,bona fide,caucus,equivocate,,,,,,,,,,,,
brook,baleful,bygone,bolster,brash,causal,erudite,,,,,,,,,,,,
bucolic ,banal,cacophony,boon,brass tacks,caustic,esoteric,,,,,,,,,,,,
buoyant,base,calumny,boorish,break the ice,celestial,eulogy,,,,,,,,,,,,
burgeon,battery,canard,bowdlerize,brigand,centrifugal,euphemism,,,,,,,,,,,,
burnish,bauble,candid,brazen,bring home the bacon,centripetal,exacerbate,,,,,,,,,,,,
buttress,baying,canonical,bridle,bristle,champion,exculpate,,,,,,,,,,,,
byzantine,beatific,capricious,bristle,buff (n),chasten,exigency,,,,,,,,,,,,
cacophonous ,beatify,cardinal,broadside,bulwark,chicanery,extrapolation,,,,,,,,,,,,
cajole,becalm,cartography,bromide,burgeoned,chivalry,facetious,,,,,,,,,,,,
callous,bedlam,castigate,brook,burn the midnight oil,churlish,facilitate,,,,,,,,,,,,
callow,beguile,catalyst,browbeat,bury the hatchet,circuitous,fallacious,,,,,,,,,,,,
calumny,behemoth,catholic,brusquely,by hook or by crook,clairvoyant,fatuous,,,,,,,,,,,,
candid,beleaguered,caustic,buck,cache,clamor,fawning,,,,,,,,,,,,
canny,belied,censure,bucolic,cacophony,clique,felicitous,,,,,,,,,,,,
canonize,belittle,chauvinism,bumbling,cajole,cloister,fervor,,,,,,,,,,,,
capitulate,bellicose,chicanery,burgeon,callous,coagulate,flag,,,,,,,,,,,,
capricious,bemoan,chronological,buttress,callow,coalesce,fledgling,,,,,,,,,,,,
captious,beneficence,circumscribe,byzantine,calumny,coda,flout,,,,,,,,,,,,
caricature,benign,circumspect,cadaverous,canard,codify,foment,,,,,,,,,,,,
castigate,bereft,clamber,callow,candid,cognizant,forestall,,,,,,,,,,,,
cataclysmic ,beseech,clamor,calumny,candor,collage,frugality,,,,,,,,,,,,
cathartic,bifurcated,clinch,canard,cant,commensurate,futile,,,,,,,,,,,,
caustic,bilious,cloying,candid,capitulate,compendium,gainsay,,,,,,,,,,,,
cavalier,blasé,coagulate,candidness,capricious,complacent,garrulous,,,,,,,,,,,,
cease,blithe,coalesce,capitulate,carnage,complaisant,goad,,,,,,,,,,,,
censure,bloviated,coda,capricious,castigate,complement,gouge,,,,,,,,,,,,
cerebral,bludgeon,coffer,cardinal,castles in the air,compliant,grandiloquent,,,,,,,,,,,,
chagrin,bonhomie,cogent,carping,catastrophic,compunction,gregarious,,,,,,,,,,,,
chary,boon,collude,castigate,cause celebre,concave,guileless,,,,,,,,,,,,
chastise,boor,commensurate,cataclysm,caustic,conciliatory,gullible,,,,,,,,,,,,
chauvinistic,bootless,compendium,catalyst,celerity,concoct,harangue,,,,,,,,,,,,
cherish,bowdlerize,complacent,catholic,cessation,concomitant,homogeneous,,,,,,,,,,,,
chicanery ,bravado,complaisant,cavalier,chagrin,condone,hyperbole,,,,,,,,,,,,
chivalrous,brazen,complementary,cede,charisma,confound,iconoclastic,,,,,,,,,,,,
churlish,brevity,compliant,celerity,charlatan,congenial,idolatry,,,,,,,,,,,,
circumscribe,bromide,concede,censor,chicanery,conjugal,immutable,,,,,,,,,,,,
circumspect,brusque,conciliatory,censure,chimerical,connoisseur,impair,,,,,,,,,,,,
clamorous,bucolic,concur,cerebral,chip off the old block,conscript,impassive,,,,,,,,,,,,
clandestine,bugbear,condone,chagrin,clandestine,consecrate,impede,,,,,,,,,,,,
clangor,bulwark,confer,champion,cliche,contend,impermeable,,,,,,,,,,,,
cloak,bumptious,confound,charlatan,clique,contentious,imperturbable,,,,,,,,,,,,
coalesce,bungle,connoisseur,chary,coerce,contiguous,impervious,,,,,,,,,,,,
coddle,buoyant,connote,chastise,cogent,continence,implacable,,,,,,,,,,,,
coercion ,burdensome,console,chauvinism,cognizant,contrite,implicit,,,,,,,,,,,,
cogent,burgeoning,consolidate,chauvinist,cold feet,contumacious,implode,,,,,,,,,,,,
cogitate,buttress,constrict,check,cold shoulder,conundrum,inadvertently,,,,,,,,,,,,
coin,bygone,construe,checkered,comely,convention,inchoate,,,,,,,,,,,,
collaborate,byzantine,contentious,chimera,commodious,converge,incongruity,,,,,,,,,,,,
collude,cache,contextualize,chivalrous,compassion,convex,inconsequential,,,,,,,,,,,,
comity,cacophony,contraries,choleric,compatible,convivial,incorporate,,,,,,,,,,,,
commence,cadge,contrite,chortle,compensatory,convoluted,indeterminate,,,,,,,,,,,,
commensurate,cajole,contumacious,churlish,complacent,copious,indigence,,,,,,,,,,,,
commiserate,calamitous,conundrum,circumscribe,complicity,coquette,indolent,,,,,,,,,,,,
compelling,callous,converge,circumvent,component,cornucopia,inert,,,,,,,,,,,,
competent,callow,conversant,clemency,compound,cosmology,ingenuous,,,,,,,,,,,,
complacent,calumnious,conversely,coalesce,comprehensive,covert,inherent,,,,,,,,,,,,
complementary,camaraderie,convoke,cogent,concoct,covetous,innocuous,,,,,,,,,,,,
comply,canard,convoluted,cohesive,concomitant,cozen,insensible,,,,,,,,,,,,
compromise,canny,copious,collusion,concur,craven,insinuate,,,,,,,,,,,,
conciliatory,canonize,corroborate,colossal,condescend,credence,insipid,,,,,,,,,,,,
conclusive,capacious,cosmopolitan,commendable,condolence,credo,insularity,,,,,,,,,,,,
condone,capitulate,cosset,commensurate,condone,daunt,intractable,,,,,,,,,,,,
conducive,capricious,coterie,complacent,conductive,dearth,intransigence,,,,,,,,,,,,
conflagration,captious,countenance,complaisant,confidant(e),debauchery,inundate,,,,,,,,,,,,
confound,cardinal,counterintuitive,complementary,conflagration,decorum,inured,,,,,,,,,,,,
congenial,caricatured,counterpoint,complicit,confront,defame,invective,,,,,,,,,,,,
conjectural,castigate,counterproductive,compound,congenial,default,irascible,,,,,,,,,,,,
connoisseur,caterwaul,covert,concede,conjecture,deference,irresolute,,,,,,,,,,,,
consensus,causal,crafty,conciliate,conjugal,defunct,itinerary,,,,,,,,,,,,
conspicuous,celerity,craven,concomitant,connoisseur,delineate,laconic,,,,,,,,,,,,
conspire,censure,credibility,conducive,connubial,demographic,lassitude,,,,,,,,,,,,
construe,cerebral,credulous,conflagration,consternation,demotic,latent,,,,,,,,,,,,
contempt,chagrin,crescendo,conflate,constrict,demur,laud,,,,,,,,,,,,
contend,champion,culminate,confound,construe,denigrate,lethargic,,,,,,,,,,,,
contentious,chary,cupidity,conniving,consummate,denizen,levee,,,,,,,,,,,,
contravene,chicanery,curmudgeon,consecrate,contemptuous,denouement,levity,,,,,,,,,,,,
contretemps,choleric,cynical,conspicuous,contort,deride,log,,,,,,,,,,,,
contrite,chronological,daunt,constituent,controversial,derivative,loquacious,,,,,,,,,,,,
convalescent,churlish,debase,constraint,cope,desiccate,lucid,,,,,,,,,,,,
conventional,cinematic,debunk,construe,copious,desuetude,luminous,,,,,,,,,,,,
conviction,circuitous,declaim,consummate,corpulent,desultory,magnanimity,,,,,,,,,,,,
convivial,circumscribed,declivity,contemptuous,corroborate,deterrent,malingerer,,,,,,,,,,,,
convoluted,circumspect,decorous,contentious,coterie,detraction,malleable,,,,,,,,,,,,
copious ,circumvents,deem,contingent,countenance,diaphanous,maverick,,,,,,,,,,,,
cordial,clairvoyant,deface,contrite,coup,diatribe,mendacious,,,,,,,,,,,,
corporeal,clandestine,defamatory,contrition,coup de grace,dichotomy,metamorphosis,,,,,,,,,,,,
correlate,clangorous,default,contrive,covert,diffidence,meticulous,,,,,,,,,,,,
corroborate,clemency,deference,conundrum,covet,diffuse,misanthrope,,,,,,,,,,,,
cosmopolitan,climatic,deflect,convivial,crave,digression,mitigate,,,,,,,,,,,,
countenance,climax,deleterious,convoluted,criterion,dirge,mollify,,,,,,,,,,,,
covert,cloying,delimit,copious,crocodile tears,disabuse,morose,,,,,,,,,,,,
covet,coalesce,delineate,cornucopia,cryptic,discerning,mundane,,,,,,,,,,,,
coy,cocksure,demagogue,corollary,culminate,discomfit,negate,,,,,,,,,,,,
craven,coddle,demur,corroborate,culpable,discordant,neophyte,,,,,,,,,,,,
credible,coerced,denigrate,cosmopolitan,culprit,discredit,obdurate,,,,,,,,,,,,
crescendo,coeval,denote,cosseted,cumbersome,discrepancy,obsequious,,,,,,,,,,,,
crestfallen,cognizant,deride,coterminous,cumulative,discrete,obviate,,,,,,,,,,,,
croon,coherence,derivative,countermand,cupidity,discretion,occlude,,,,,,,,,,,,
cumbersome,cohesive,desiccate,cow,curry,disingenuous,officious,,,,,,,,,,,,
cunning,cohort,desultory,craven,cursory,disinterested,onerous,,,,,,,,,,,,
curb,coin,detached,credence,curtail,disjointed,opprobrium,,,,,,,,,,,,
curmudgeon,collusion,deterrent,creditable,cynic,dismiss,oscillate,,,,,,,,,,,,
cursory,commensurate,diaphanous,credulity,dearth,disparage,ostentatious,,,,,,,,,,,,
curtail,commiserate,diatribe,crestfallen,debacle,disparate,paragon,,,,,,,,,,,,
daunting,companionable,dichotomy,cryptic,debilitate,dissemble,partisan,,,,,,,,,,,,
dawdle,complicit,dictum,crystallize,debris,disseminate,pathological,,,,,,,,,,,,
dearth,composure,didactic,culminate,decade,dissident,paucity,,,,,,,,,,,,
debilitating,compunction,diffident,culpability,decadence,dissolution,pedantic,,,,,,,,,,,,
debunk,concession,diffuse,cumbersome,decapitate,dissonance,penchant,,,,,,,,,,,,
decadent,concoct,digress,cupidity,declaim,distend,penury,,,,,,,,,,,,
decipher,concomitant,dilate,curmudgeon,decorum,distill,perennial,,,,,,,,,,,,
decorum,concord,dilatory,dearth,decrepit,distrait,perfidious,,,,,,,,,,,,
decry,concupiscence,dilettante,debase,deem,diverge,perfunctory,,,,,,,,,,,,
deference,condign,din,debonair,defamatory,divest,permeable,,,,,,,,,,,,
deflect,condones,dirge,debunk,degrade,divulge,pervasive,,,,,,,,,,,,
deft,conferred,disabuse,decimation,deleterious,doctrinaire,phlegmatic,,,,,,,,,,,,
deify,confiscate,discerning,decorous,delineation,document,piety,,,,,,,,,,,,
deleterious,conflagration,discomfiting,decorum,delude,doggerel,placate,,,,,,,,,,,,
deliberate,conflate,discordant,decry,deluge,dogmatic,plasticity,,,,,,,,,,,,
delineate,confound,discredit,deferential,delve,dormant,platitude,,,,,,,,,,,,
delusion,conglomerate,discrepancy,defray,demeanor,dross,plethora,,,,,,,,,,,,
demur,conniving,discrete,degrade,demur,dupe,plummet,,,,,,,,,,,,
denounce,connoisseur,discriminating,deign,denote,ebullient,porous,,,,,,,,,,,,
deportment,conscientious,disingenuous,delegate,depict,eclectic,pragmatic,,,,,,,,,,,,
depose,conspicuous,disinterested,deleterious,deplorable,effervescence,preamble,,,,,,,,,,,,
depravity,consternation,disjointed,deliberate,deploy,effete,precarious,,,,,,,,,,,,
deprecate ,contumacious,dismiss,delineate,deprecate,efficacy,precipitate,,,,,,,,,,,,
deride,conundrum,disparage,demean,deride,effrontery,precursor,,,,,,,,,,,,
derivative,conversant,disparate,demonstrative,derived,egoism,presumptuous,,,,,,,,,,,,
desiccate,copious,dispassionate,demur,derogatory,egotistical,prevaricate,,,,,,,,,,,,
despotic,cordial,dispatch,demure,desist,elegy,pristine,,,,,,,,,,,,
desultory ,cordon,disperse,denigrate,destitution,elicit,probity,,,,,,,,,,,,
detente,corroborate,disposition,denote,desultory,elixir,problematic,,,,,,,,,,,,
deviate,cosmopolitan,disquieting,denouement,deter,Elysian,prodigal,,,,,,,,,,,,
diatribe,covert,dissemble,derelict,detriment,emaciated,profound,,,,,,,,,,,,
dichotomy,cowed,disseminate,deride,devout,embellish,prohibitive,,,,,,,,,,,,
dictate,craven,dissent,derisive,dexterity,emollient,proliferate,,,,,,,,,,,,
didactic,credence,dissolution,derivative,diatribe,empirical,propensity,,,,,,,,,,,,
diffident,credulous,dissonance,derive,dilettante,emulate,propitiate,,,,,,,,,,,,
diffuse,crepuscular,distaff,derogative,diminutive,encomium,propriety,,,,,,,,,,,,
digression,crestfallen,distend,desecrate,discern,endemic,proscribe,,,,,,,,,,,,
dilatory ,cryptic,distill,desiccated,disciple,enervate,pungent,,,,,,,,,,,,
dilettante,cull,dither,desideratum,discreet,engender,qualified,,,,,,,,,,,,
diminutive,culminate,diurnal,despot,disdain,enhance,quibble,,,,,,,,,,,,
dirge,culpable,diverge,destitute,disgruntled,entomology,quiescent,,,,,,,,,,,,
discernible,cumbersome,divest,deter,disheveled,enunciate,rarefied,,,,,,,,,,,,
discomfit,cunning,divine,detrimental,dismantle,ephemeral,recalcitrant,,,,,,,,,,,,
discount,cupidity,doctrinaire,devolve,disparage,epistemology,recant,,,,,,,,,,,,
discreet,curmudgeon,document,diabolical,disparate,equable,recluse,,,,,,,,,,,,
discrepancy,cursory,doff,diatribe,dispersed,equanimity,recondite,,,,,,,,,,,,
disdain,curtail,dogma,dictatorial,disseminate,equivocate,refractory,,,,,,,,,,,,
disentangle,cynical,dormant,didactic,dissent,errant,refute,,,,,,,,,,,,
disingenuous,cynosure,dovetail,differentiate,distraught,erudite,relegate,,,,,,,,,,,,
disinterested,daunt,droll,diffident,diversity,esoteric,reproach,,,,,,,,,,,,
disparate,dearth,dubious,dilapidated,divulge,essay,reprobate,,,,,,,,,,,,
dispense,debacle,dupe,dilatory,docile,estimable,repudiate,,,,,,,,,,,,
disperse,debased,duplicity,dilettante,doddering,ethnocentric,rescind,,,,,,,,,,,,
dissemble ,debauchery,dyspeptic,diligent,doleful,etiology,resolution,,,,,,,,,,,,
disseminate,debilitate,e.g.,diminutive,domicile,etymology,resolve,,,,,,,,,,,,
dissent,decadent,ebullient,disabuse,dormant,eugenics,reticent,,,,,,,,,,,,
dissident,decimate,eccentric,disaffected,Draconian Code,eulogy,reverent,,,,,,,,,,,,
distend,declaimed,echelon,discord,draw in one's horns,euphemism,sage,,,,,,,,,,,,
distill,decorous,eclectic,discreet,dregs,euphoria,salubrious,,,,,,,,,,,,
distort,decrepit,eclipse,discrete,drudgery,euthanasia,sanction,,,,,,,,,,,,
distressed ,decried,edify,discriminate,dubious,evince,satiate,,,,,,,,,,,,
divergent,defamatory,efficacy,discursive,dulcet,evocative,saturate,,,,,,,,,,,,
divorced,defenestrate,effigy,disenfranchise,dupe,exacerbate,savor,,,,,,,,,,,,
divulge,defunct,effrontery,disheartened,duplicity,exact,secrete,,,,,,,,,,,,
doctrinaire,degenerate,egalitarian,disingenuous,duress,exculpate,shard,,,,,,,,,,,,
documentary,delectable,egregious,disinterested,dyed-in-the-wool,execrable,skeptic,,,,,,,,,,,,
dogged,deleterious,egress,disparate,edifice,exhort,solicitous,,,,,,,,,,,,
dogmatic,delimit,elated,dispassionate,efficacy,exigency,soporific,,,,,,,,,,,,
dowdy,delineate,elegy,dispatch,effigy,existential,specious,,,,,,,,,,,,
droll,demagogue,elevate,dispensation,effrontery,exorcise,spectrum,,,,,,,,,,,,
dubious,demarcate,elicit,dissemble,egotist,expatiate,sporadic,,,,,,,,,,,,
dupe,demean,eloquent,disseminate,egregious,expatriate,stigma,,,,,,,,,,,,
duplicitous,demeanor,emaciate,dissipate,elapse,expiate,stint,,,,,,,,,,,,
duress,demotic,embellish,dissolution,elicit,explicate,stipulate,,,,,,,,,,,,
dwindling,demur,eminent,docile,elucidate,expository,stolid,,,,,,,,,,,,
ebullient,denigrate,empirical,dog,elusive,extant,striated,,,,,,,,,,,,
eccentric,denizen,emulate,dogmatic,emaciated,extemporaneous,strut,,,,,,,,,,,,
echelon,denuded,encomium,doleful,embellish,extirpate,subpoena,,,,,,,,,,,,
eclectic,depiction,endemic,dolorous,eminent,extraneous,subside,,,,,,,,,,,,
eclipse,deplete,enervate,doughty,emissary,extrapolation,substantiate,,,,,,,,,,,,
economy,deplore,engender,dovetail,emit,extrinsic,supersede,,,,,,,,,,,,
edify,depredate,enhance,dupe,emulate,facetious,supposition,,,,,,,,,,,,
efficacious,deride,enigma,duplicity,encomium,facilitate,tacit,,,,,,,,,,,,
effrontery,derivative,entitlement,duress,encumbrance,factotum,tangential,,,,,,,,,,,,
egregious,descry,enumerate,ebullient,engrossed,fallacious,tenuous,,,,,,,,,,,,
elated,desecrate,ephemeral,eccentric,enhance,fallow,tirade,,,,,,,,,,,,
elementary,desiccated,epicure,eclectic,enigma,fatuous,torpor,,,,,,,,,,,,
elicit,despoiled,equanimity,economical,ennui,fauna,tortuous,,,,,,,,,,,,
elitist,despot,equitable,edifying,entourage,fawning,tractable,,,,,,,,,,,,
eloquent,desuetude,equivocate,effervescent,entreaty,felicitous,transgression,,,,,,,,,,,,
elucidate,deteriorate,erratic,efficacious,enunciate,feral,truculence,,,,,,,,,,,,
embellish,devoid,erroneous,effrontery,epithet,fervor,vacillate,,,,,,,,,,,,
empirical,devolve,ersatz,egotist,epitome,fetid,venerate,,,,,,,,,,,,
emulate,devout,erstwhile,egregious,equanimity,fetter,veracious,,,,,,,,,,,,
enchant,dexterity,erudite,eke,eradicate,fiat,verbose,,,,,,,,,,,,
encroach,diabolical,eschew,elaborate,erudite,fidelity,viable,,,,,,,,,,,,
encyclopedic ,diaphanous,esoteric,elegiac,eruption,filibuster,viscous,,,,,,,,,,,,
endemic,diatribe,estimable,elicit,escalation,finesse,vituperative,,,,,,,,,,,,
endow,dichotomy,ethos,elucidate,eschew,fissure,volatile,,,,,,,,,,,,
enervate,didactic,eulogy,elude,ethics,flag,warranted,,,,,,,,,,,,
engender,diffident,euphemism,elusive,euphemisim,fledging,wary,,,,,,,,,,,,
enigmatic,digression,euphony,embellish,evaluate,flora,welter,,,,,,,,,,,,
enmity,dilatory,exacerbate,embroiled,evanescent,florid,whimsical,,,,,,,,,,,,
ennui,dilettante,exacting,embryonic,eventuate,flourish,zealot,,,,,,,,,,,,
enthrall,dilute,exculpate,eminent,evince,flout,,,,,,,,,,,,,
entitled,dint,exhaustive,empathetic,exacerbate,flux,,,,,,,,,,,,,
entreat,dire,exigent,empiricism,excoriate,foment,,,,,,,,,,,,,
entrenched,discomfit,exonerate,emulate,excruciating,forbearance,,,,,,,,,,,,,
ephemeral,disconcert,expedient,enamor,exhort,forestall,,,,,,,,,,,,,
equanimity,discreet,explicit,encumber,exonerate,formidable,,,,,,,,,,,,,
equitable,discrepancy,exponent,endemic,expatriate,forswear,,,,,,,,,,,,,
equivocate,discrete,expurgate,enervate,expedient,founder,,,,,,,,,,,,,
eradicate,discriminate,extemporaneous,engender,expedite,fracas,,,,,,,,,,,,,
erratic,disgruntled,extraneous,enjoin,exploit,fractious,,,,,,,,,,,,,
erudite,dismantle,extrapolate,enmity,expunge,fresco,,,,,,,,,,,,,
escalate,dismissive,facetious,enormity,expurgate,frieze,,,,,,,,,,,,,
eschew,disparage,facilitate,enthrall,extant,froward,,,,,,,,,,,,,
esoteric,disparate,faction,entice,extinct,frugality,,,,,,,,,,,,,
estimable,dispassionate,fallacious,entrenched,extol,fulminate,,,,,,,,,,,,,
estranged,dispatch,fallow,enumerate,extortion,fulsome,,,,,,,,,,,,,
euphemism,displacing,fanatical,ephemeral,extraneous,fusion,,,,,,,,,,,,,
euphoric,disputatious,fanciful,epigram,extrinsic,futile,,,,,,,,,,,,,
evade,dissemble,fastidious,epiphany,exult,gainsay,,,,,,,,,,,,,
evanescent,disseminated,fathom,eponym,exultation,gambol,,,,,,,,,,,,,
evasive,distension,fatuous,equitable,fabricate,garrulous,,,,,,,,,,,,,
evoke,dither,fawn,equivocal,facade,gauche,,,,,,,,,,,,,
exacerbate,diurnal,feasible,equivocate,facet,geniality,,,,,,,,,,,,,
exacting,divergent,fecund,eradicate,facetious,gerrymander,,,,,,,,,,,,,
exasperated,divisive,felicitous,err,facile,glib,,,,,,,,,,,,,
excoriate,docile,fervid,errant,factitious,goad,,,,,,,,,,,,,
exculpate,doctrinaire,fetid,erratic,fair-weather friends,gossamer,,,,,,,,,,,,,
exhaustive,doggedness,fidelity,ersatz,fallacious,gouge,,,,,,,,,,,,,
exhilarating,doggerel,figurative,erudite,falter,grandiloquent,,,,,,,,,,,,,
exhort,dogmatic,finesse,eschew,fastidious,gregarious,,,,,,,,,,,,,
exigent,dolorous,flag,esoteric,fat is in the fire,grouse,,,,,,,,,,,,,
exonerate,dormant,fledgling,espouse,fatal,guileless,,,,,,,,,,,,,
exorbitant,dour,fleeting,estimable,fatuous,guise,,,,,,,,,,,,,
exorcise,draconian,florid,ethereal,feasible,gullible,,,,,,,,,,,,,
exotic,droll,flout,euphoria,feeling no pain,gustatory,,,,,,,,,,,,,
expatiate,dubious,fluke,evanescent,feint,halcyon,,,,,,,,,,,,,
expedient,dudgeon,foment,evasive,felicitous,hallowed,,,,,,,,,,,,,
expedite,dupe,forage,evenhanded,felon,harangue,,,,,,,,,,,,,
explicable,duplicitous,ford,exacerbate,ferment,harrowing,,,,,,,,,,,,,
exploitative,dwindle,foreshadow,exacting,fervid,herbivorous,,,,,,,,,,,,,
extemporize,dyspeptic,forestall,exalt,fetish,hermetic,,,,,,,,,,,,,
extenuating,ebullient,forfeit,exasperate,fetter (v),heterodox,,,,,,,,,,,,,
extraneous,eclectic,fortify,excoriate,fiasco,hieroglyphics,,,,,,,,,,,,,
extrapolate,effaced,fortuitous,excruciating,fiat,hirsute,,,,,,,,,,,,,
extravagant,effete,fracas,execrate,flabbergasted,histrionic,,,,,,,,,,,,,
fabricate,efficacious,fractious,exegesis,flagrant,homeostasis,,,,,,,,,,,,,
facetious,efflorescence,frenetic,exemplar,flamboyant,homily,,,,,,,,,,,,,
factious,effluvium,fringe,exemplify,flay,homogeneous,,,,,,,,,,,,,
fallacious,effrontery,frugal,exhort,fledgling,hyperbole,,,,,,,,,,,,,
fallible,effusive,fulminate,exiguity,flout,iconoclastic,,,,,,,,,,,,,
fallow,egalitarian,furtive,exonerate,fluctuate,idolatry,,,,,,,,,,,,,
falter,egregious,futile,exorbitant,foist,igneous,,,,,,,,,,,,,
fanciful,eldritch,gainsay,expansive,foment,imbroglio,,,,,,,,,,,,,
fastidious,emancipate,gambol,expound,forthwith,immutable,,,,,,,,,,,,,
fawn,embellish,garner,expunge,fortuitous,impair,,,,,,,,,,,,,
feasible,embroiled,garrulous,expurgate,forty winks,impassive,,,,,,,,,,,,,
feckless,embryonic,gauche,extant,fracas,impecunious,,,,,,,,,,,,,
fecund,eminent,gawky,extenuating,fractious,impede,,,,,,,,,,,,,
feeble,emollient,germane,extrapolate,frail,impermeable,,,,,,,,,,,,,
feign,emphatic,gestation,facetious,fraught,imperturbable,,,,,,,,,,,,,
feint,empirical,gist,facile,fray,impervious,,,,,,,,,,,,,
felicitous,encomium,glacial,factious,frenetic,impinge,,,,,,,,,,,,,
fervent,encompass,glib,factitious,frenzy,implacable,,,,,,,,,,,,,
fervid,encroaching,glower,fallacious,fretful,implausible,,,,,,,,,,,,,
fervor,enervating,goad,fastidious,from pillar to post,implicit,,,,,,,,,,,,,
fester,enigmatic,goosebumps,fawn,frugal,implode,,,,,,,,,,,,,
fickle,enmity,gouge,feckless,fruitless,imprecation,,,,,,,,,,,,,
figurative,ennui,gradation,fecund,frustrate,impute,,,,,,,,,,,,,
finicky,ensorcelled,graft,fell,fulsome,inadvertenly,,,,,,,,,,,,,
flagrant,entitled,grandiloquent,ferret,furtive,incarnate,,,,,,,,,,,,,
flamboyant,entreat,grandstand,fete,futility,inchoate,,,,,,,,,,,,,
fledgling,ephemeral,grating,fickle,galvanize,incongruity,,,,,,,,,,,,,
florid,epitome,gregarious,finagle,gamut,inconsequencial,,,,,,,,,,,,,
flout,equivocal,grievous,firebrand,garbled,incorporate,,,,,,,,,,,,,
flummoxed,eradicate,grouse,flag,garrulous,incursion,,,,,,,,,,,,,
flustered,ersatz,grovel,fledgling,gaudy,indeterminate,,,,,,,,,,,,,
foil,erstwhile,guile,fleece,gaunt,indigence,,,,,,,,,,,,,
foment,erudite,hackneyed,flippant,genocide,indolent,,,,,,,,,,,,,
foolhardy,eschew,halcyon,flounder,genre,ineluctable,,,,,,,,,,,,,
forbear,esoteric,hallmark,flummox,germane,inert,,,,,,,,,,,,,
foreseeable,espouse,hand-wringing,flush,gesticulate,ingenous,,,,,,,,,,,,,
forestall,espy,hapless,flux,gild the lily,inherent,,,,,,,,,,,,,
forsake,estimable,harangue,foible,gist,innocuous,,,,,,,,,,,,,
fortitude,estranged,hardy,foment,glean,insensible,,,,,,,,,,,,,
fortuitous ,ethereal,harrow,foolhardy,glib,insinuate,,,,,,,,,,,,,
fractious,etiolated,haven,forlorn,go against the grain,insipid,,,,,,,,,,,,,
frailty,euphemism,hearken,forthcoming,gratuity,insouciant,,,,,,,,,,,,,
fraught,eurytopic,hedge,forthright,gregarious,insularity,,,,,,,,,,,,,
frenetic,evanescent,hedonist,fortuitous,grimace,insuperable,,,,,,,,,,,,,
fret,evinced,hegemony,fractious,grotesque,intangible,,,,,,,,,,,,,
fringe,exacerbated,hermetic,frivolous,guise,interdict,,,,,,,,,,,,,
frivolous,exact,heterogeneous,frugal,gullible,internecine,,,,,,,,,,,,,
fruitful,exacting,hew,frustrate,gusto,interpolate,,,,,,,,,,,,,
fulcrum,exaggerate,hierarchy,furtive,habitat,interregnum,,,,,,,,,,,,,
fungible,excise,hoary,futile,halcyon,intimate,,,,,,,,,,,,,
furtive,excoriated,hodgepodge,gaffe,hapless,intractable,,,,,,,,,,,,,
futile,exculpated,homage,gainsay,harass,intransigence,,,,,,,,,,,,,
gaffe,execrable,homogeneous,gall,harbinger,introspective,,,,,,,,,,,,,
gainsay,exigent,hoodwink,galvanize,have the upper hand,inundate,,,,,,,,,,,,,
galvanize,exodus,hotly,gambit,haven,inured,,,,,,,,,,,,,
garrulous,exorbitant,husband,garrulous,havoc,invective,,,,,,,,,,,,,
gauche,expatiate,hyberbole,gauche,heinous,inveigh,,,,,,,,,,,,,
gawky,expatriate,iconoclast,genial,heresy,inveigle,,,,,,,,,,,,,
glib,expedient,idiosyncrasy,genteel,heterogeneous,inveterate,,,,,,,,,,,,,
glum,explicate,idolatry,germane,hirsute,invidious,,,,,,,,,,,,,
goad,exponent,idyllic,gerrymander,histrionics,irascible,,,,,,,,,,,,,
gratify,expunge,ignoble,glean,hoard,irresolute,,,,,,,,,,,,,
gratuitous,expurgate,illiberality,glib,hoax,itinerant,,,,,,,,,,,,,
gregarious,extant,imbue,glut,Hobson's choice,itinerary,,,,,,,,,,,,,
grievance,extemporaneous,imminent,goad,homogenous,jaundiced,,,,,,,,,,,,,
grovel,extenuating,immutable,gossamer,"hook, line, and sinker",jibe,,,,,,,,,,,,,
gullible,extirpate,impair,graft,hostile,jocose,,,,,,,,,,,,,
hackneyed,extol,impartial,grandiloquent,humility,juggernaut,,,,,,,,,,,,,
hamper,extraneous,impasse,gregarious,hyperbole,junta,,,,,,,,,,,,,
haphazard,extrapolate,impassive,grovel,I'm from Missouri,juxtapose,,,,,,,,,,,,,
hapless,exult,impecunious,guffaw,iconoclast,kudos,,,,,,,,,,,,,
harangue,fabricate,impede,guileless,idyllic,labile,,,,,,,,,,,,,
harbinger,facetious,imperious,gumption,ignominious,laconic,,,,,,,,,,,,,
haughty,fallible,impermeable,hackneyed,ilk,lambaste,,,,,,,,,,,,,
headstrong,fanatic,imperturbable,hagiographic,imbibe,lascivious,,,,,,,,,,,,,
heady,farce,impervious,hail,imminent,lassitude,,,,,,,,,,,,,
heed,fastidious,impetuous,halcyon,impeccable,latent,,,,,,,,,,,,,
heterodox,fatuous,impious,hamper,impede,laud,,,,,,,,,,,,,
heterogeneous,fawning,implacable,hamstrung,imperative,lethargic,,,,,,,,,,,,,
hinder,feckless,implication,haphazard,imperceptible,levee,,,,,,,,,,,,,
histrionic,fecund,implicit,harangue,imperturbable,levity,,,,,,,,,,,,,
hodgepodge,feign,implode,harried,impetuous,liberal,,,,,,,,,,,,,
homogeneous,felicity,imprecation,haughty,impious,libertine,,,,,,,,,,,,,
humdrum,ferret,impugn,hauteur,implacable,libido,,,,,,,,,,,,,
hyperbole,fervor,impute,hector,implore,lilliputian,,,,,,,,,,,,,
hysterical,festoon,inadvertent,hedge,importune,limn,,,,,,,,,,,,,
iconoclastic,fetid,inasmuch,hegemony,impresario,limpid,,,,,,,,,,,,,
idiosyncratic,fiasco,incarnadine,heretic,impromptu,linguistic,,,,,,,,,,,,,
illusory,filial,incendiary,heyday,imprudent,litany,,,,,,,,,,,,,
imbroglio,fillip,incentive,histrionic,impunity,literati,,,,,,,,,,,,,
immaculate,finagled,inchoate,hoary,in a bee line,litigation,,,,,,,,,,,,,
imminent,finicky,incipient,hobble,in apple pie order,log,,,,,,,,,,,,,
immure,fitful,incongruous,hodgepodge,in seventh heaven,loquacious,,,,,,,,,,,,,
immutable,flagrant,inconsequential,hoodwink,in the arms of Morpheus,lucid,,,,,,,,,,,,,
impair,fleeting,inconstancy,hound,in the doldrums,lucre,,,,,,,,,,,,,
impede,flippant,incorporate,hubris,in the lap of the gods,luminous,,,,,,,,,,,,,
imperious,florid,inculcate,humdrum,inadvertent,lustrous,,,,,,,,,,,,,
impertinent,flotilla,indefatigable,iconoclast,inane,machiavellian,,,,,,,,,,,,,
imperturbable,flotsam,indeterminate,iconoclastic,inanimate,machinations,,,,,,,,,,,,,
impetuous,flounder,indifferent,idiosyncrasy,incapacitated,maelstrom,,,,,,,,,,,,,
implacable,flourish,indigence,ignoble,inchoate,magnaminity,,,,,,,,,,,,,
implicit,flouted,indolent,ignominious,incipient,malign,,,,,,,,,,,,,
improvise,fluctuate,inert,illicit,incisive,malinger,,,,,,,,,,,,,
impudent,flummoxed,inexorable,illustrious,inclement,malleable,,,,,,,,,,,,,
impugn,foible,infallible,imbibe,incoherent,maverick,,,,,,,,,,,,,
inborn,foment,inform,imbroglio,incompatibility,megalomania,,,,,,,,,,,,,
incendiary,forage,ingenuous,immaterial,incongruous,menagerie,,,,,,,,,,,,,
incessant,forbearance,ingrained,immure,incontrovertible,mendacious,,,,,,,,,,,,,
inchoate,foreground,ingrate,immutable,incredulous,mendicant,,,,,,,,,,,,,
incidental,forestall,ingratiate,impartial,incumbent,meretricious,,,,,,,,,,,,,
inclined,formidable,inherent,impeccable,Indian summer,mesmerize,,,,,,,,,,,,,
incongruous,fortitude,inimical,impecunious,indict,metamorphosis,,,,,,,,,,,,,
incontrovertible,fortuitous,iniquity,impede,indifference,metaphysics,,,,,,,,,,,,,
incredulous,fracas,innocuous,impending,indigenous,metereological,,,,,,,,,,,,,
indecorous,fractious,inordinate,imperious,indigent,meticulous,,,,,,,,,,,,,
indefatigable,fraternize,inquest,impermeable,indiscriminate,mettle,,,,,,,,,,,,,
indictment,frenetic,insensible,impertinent,indoctrinate,mettlesome,,,,,,,,,,,,,
indignant,froward,insinuate,impervious,indolent,microcosm,,,,,,,,,,,,,
indiscriminate,frugal,insipid,impetuous,inebriated,militate,,,,,,,,,,,,,
indispensable,fruition,insular,implacable,ineffectual,minatory,,,,,,,,,,,,,
indolent,fudge,insurrection,implausible,inert,minuscule,,,,,,,,,,,,,
industrious,fuliginous,intelligible,implicate,inevitable,minutia,,,,,,,,,,,,,
ineluctable,fulsome,inter,imponderable,inexorable,misanthrope,,,,,,,,,,,,,
inform,funereal,interplay,importuned,infallible,miscellany,,,,,,,,,,,,,
ingenuous,furor,interregnum,impregnable,infamous,miscreant,,,,,,,,,,,,,
ingrained,furtive,intractable,improvident,infraction,misogynist,,,,,,,,,,,,,
inhibit,gadfly,intransigent,imprudent,ingratiate,mitigate,,,,,,,,,,,,,
inimical,gaffe,intrepid,impudent,inherent,mnemonic,,,,,,,,,,,,,
innocuous,gainsay,intrinsic,impugn,inhibition,modicum,,,,,,,,,,,,,
inquisitive,gallant,inundate,impute,iniquity,mollify,,,,,,,,,,,,,
inscrutable,gambit,inure,inadvertent,initiate,monolithic,,,,,,,,,,,,,
insipid,gamboled,invective,inanity,innate,morose,,,,,,,,,,,,,
insolent,garble,inveigle,inarticulate,innocuous,motley,,,,,,,,,,,,,
insular,gargantuan,investiture,incense,inordinate,multifarious,,,,,,,,,,,,,
interchangeable,garrulous,invidious,incessant,insatiable,mundane,,,,,,,,,,,,,
intermittent,gauche,irascible,inchoate,insidious,necromancy,,,,,,,,,,,,,
intertwined,gaudy,irresolute,incisive,integral,negate,,,,,,,,,,,,,
intimate ,genial,itinerant,inclement,interject,neologism,,,,,,,,,,,,,
intransigent,germane,itinerary,incongruous,interloper,neophyte,,,,,,,,,,,,,
intrepid,germinate,jargon,incontrovertible,interminable,nexus,,,,,,,,,,,,,
intrigue,ghastly,jettison,incorrigible,internecine,nonplussed,,,,,,,,,,,,,
intrinsic,gild,jingoism,incumbent,interrogate,nostalgia,,,,,,,,,,,,,
inundate,glacial,jocular,indecorous,intimidate,nostrum,,,,,,,,,,,,,
invasive,glancing,judicious,indict,intrepid,nugatory,,,,,,,,,,,,,
inveigle,glaring,juncture,indifference,intrinsic,obdurate,,,,,,,,,,,,,
inveterate,glowered,juxtapose,indigenous,introspective,obsequious,,,,,,,,,,,,,
invidious,glut,keen,indigent,inundate,obsequy,,,,,,,,,,,,,
invigorate,goosebumps,kindle,indignant,invalidate,obviate,,,,,,,,,,,,,
inviolate,gossamer,kinetic,industrious,invective,occlude,,,,,,,,,,,,,
irascible,grandiloquent,knell,ineffable,inveigh,occult,,,,,,,,,,,,,
ire,grandiose,kudos,ineluctable,inveterate,odyssey,,,,,,,,,,,,,
irksome,grandstand,lachrymose,inequity,inviolable,officious,,,,,,,,,,,,,
ironclad,grasping,lackluster,inexorable,irascible,olfactory,,,,,,,,,,,,,
irresolute,grating,laconic,infelicitous,irate,oligarchy,,,,,,,,,,,,,
irreverent,gravitas,lament,inflammable,irrational,onerous,,,,,,,,,,,,,
itinerant,gregarious,lampoon,ingenuity,irrelevant,onomatopeia,,,,,,,,,,,,,
jeopardize,grisly,landmark,ingenuous,it's an ill wind that blows nobody good,opprobium,,,,,,,,,,,,,
jettison,grouse,languid,ingratiate,itinerant,ornithologist,,,,,,,,,,,,,
jocund,grovel,larceny,inimical,ivory tower,oscillate,,,,,,,,,,,,,
judicious,gumption,largess or largesse,inimitable,jaunty,ostentatious,,,,,,,,,,,,,
laconic,guttural,lassitude,inkling,jeopardize,overweening,,,,,,,,,,,,,
lambaste,hackneyed,latent,innocuous,jettison,paean,,,,,,,,,,,,,
lament,haggard,laudable,inscrutable,jocose,paleonthology,,,,,,,,,,,,,
lampoon,halcyon,lavish,insidious,jostle,pallid,,,,,,,,,,,,,
languid,hallowed,lax,insipid,jubilant,panegyric,,,,,,,,,,,,,
languish,hapless,layperson,insolent,jurisdiction,paragon,,,,,,,,,,,,,
largesse,haptic,leery,insolvent,juxtapose,partisan,,,,,,,,,,,,,
latitude,harangue,legerdemain,insouciance,keep a stiff upper lip,pathological,,,,,,,,,,,,,
laudable,harbinger,lethargic,insufferable,keep the pot boiling,patois,,,,,,,,,,,,,
lavish,hardscrabble,levity,intermittent,know the ropes,paucity,,,,,,,,,,,,,
lax,harmonious,levy,internecine,labyrinth,pedantic,,,,,,,,,,,,,
lethargic,harried,liberal,intimate,laceration,pellucid,,,,,,,,,,,,,
levity,harrow,libertine,intimation,lackluster,penchant,,,,,,,,,,,,,
liability,haughty,licentious,intransigent,laconic,penury,,,,,,,,,,,,,
libertine,headlong,likewise,intrepid,lampoon,peregrination,,,,,,,,,,,,,
limpid,hector,limpid,inundate,landmark (adj),peremptory,,,,,,,,,,,,,
lionize,hegemony,lionize,inure,largess,perennial,,,,,,,,,,,,,
loathe,heinous,lissome,invective,lassitude,perfidious,,,,,,,,,,,,,
loquacious,herald,listless,inveterate,latent,perfunctory,,,,,,,,,,,,,
lucid,hermetic,livid,invidious,laudable,perigee,,,,,,,,,,,,,
lucrative,heterodox,log,inviolable,lax,permeable,,,,,,,,,,,,,
lugubrious,heterogeneous,loquacious,inviolate,left holding the bag,perturb,,,,,,,,,,,,,
lull,heyday,lucid,involved,legerdemain,pervasive,,,,,,,,,,,,,
macabre,hiatus,lugubrious,irascible,legion,petulant,,,,,,,,,,,,,
magisterial,hidebound,lull,irk,let sleeping dogs lie,phlegmatic,,,,,,,,,,,,,
magnanimous,hirsute,lumber,irrefutable,lethal,phoenix,,,,,,,,,,,,,
malevolent,histrionic,luminous,irresolute,lethargic,physiognomy,,,,,,,,,,,,,
malfeasance,hodgepodge,lurid,irrevocable,levity,piety,,,,,,,,,,,,,
malign,holistic,machination or machinations,itinerant,libel,piquant,,,,,,,,,,,,,
malleable,homespun,maelstrom,jargon,like Caesar's wife,pique,,,,,,,,,,,,,
manacle,homogeneous,magnanimous,jaundice,lily-livered,placate,,,,,,,,,,,,,
manifest,hortatory,magnate,jejune,liquidation,placid,,,,,,,,,,,,,
marginalize,hubris,makeshift,jingoism,lithe,plaintive,,,,,,,,,,,,,
mawkish,humbuggery,malediction,jingoist,livid,plasticity,,,,,,,,,,,,,
mediate,humdrum,malinger,jocular,loaded for bear,platitude,,,,,,,,,,,,,
mendacity,husbandry,malleable,jovial,loath,platonic,,,,,,,,,,,,,
mercenary,iconoclast,manifest,jubilant,loathe,plethora,,,,,,,,,,,,,
mercurial,ideological,mannered,juggernaut,"lock, stock, and barrel",plumb,,,,,,,,,,,,,
meritorious ,idyllic,mar,junta,longevity,plummet,,,,,,,,,,,,,
metaphorical,idiosyncrasy,martinet,juxtapose,look a gift horse in the mouth,plutocracy,,,,,,,,,,,,,
meticulous,ignominy,maudlin,kowtow,lucrative,porous,,,,,,,,,,,,,
mettlesome,illiberal,maverick,laborious,lugubrious,poseur,,,,,,,,,,,,,
mimic,illusory,maxim,lacerate,lurid,pragmatic,,,,,,,,,,,,,
minute,imbroglio,mendacious,lachrymose,lush,prate,,,,,,,,,,,,,
misanthropic,imminent,mendicant,laconic,Machiavellian,prattle,,,,,,,,,,,,,
miscreant,immure,mercurial,lambast,magnanimous,preamble,,,,,,,,,,,,,
miserly,immutable,meretricious,lampoon,maim,precarious,,,,,,,,,,,,,
misnomer,impassive,metamorphosis,languid,make bricks without straw,precept,,,,,,,,,,,,,
mitigate,impeccable,metaphysical,languish,maladjusted,precipitate,,,,,,,,,,,,,
modest,impecunious,meticulous,largess,malady,precursor,,,,,,,,,,,,,
modish,impeded,milieu,lascivious,malevolant,preempt,,,,,,,,,,,,,
mollify,impenetrable,militate,laudable,malign,prehensile,,,,,,,,,,,,,
momentary,imperative,mired,leery,malignant,premonition,,,,,,,,,,,,,
monotonous,imperious,mirth,lethargic,malleable,presage,,,,,,,,,,,,,
mordant,imperturbable,misanthrope or misanthropist,limpid,malnutrition,presumptuous,,,,,,,,,,,,,
morose,impetuous,missive,lionize,mammoth,preternatural,,,,,,,,,,,,,
mundane,impetus,mitigate,litany,mandate,prevaricate,,,,,,,,,,,,,
munificent,impinge,modest,loath,manifest,primordial,,,,,,,,,,,,,
mutiny ,implacable,modicum,lucid,manifold,pristine,,,,,,,,,,,,,
myopic,implication,modish,lugubrious,martinet,probity,,,,,,,,,,,,,
nadir,implicit,mollify,macabre,masticate,problematic,,,,,,,,,,,,,
naive,imploring,molt,machinate,mastiff,prodigal,,,,,,,,,,,,,
nascent,importune,monastic,magisterial,materialism,profound,,,,,,,,,,,,,
negligent,impregnable,monotony,magnanimous,matron,prohibitive,,,,,,,,,,,,,
neophyte,imprimatur,moreover,maintain,maudlin,proliferate,,,,,,,,,,,,,
nettlesome,impromptu,mores,maladroit,megalomania,propensity,,,,,,,,,,,,,
neutralize,impudence,morose,malady,mendacious,propitiate,,,,,,,,,,,,,
nimble,impugn,multifarious,malapropism,menial,propriety,,,,,,,,,,,,,
noble,inalienable,mundane,malevolent,mentor,proscribe,,,,,,,,,,,,,
nominal,inane,munificent,malfeasance,mercenary,provident,,,,,,,,,,,,,
nonchalant,incandescent,myopic,malingerer,metamorphosis,puissant,,,,,,,,,,,,,
nonplussed,incensed,nadir,malleable,meticulous,punctilious,,,,,,,,,,,,,
noxious,inchoate,nascent,malodorous,mien,pungent,,,,,,,,,,,,,
nullify,incipient,naÃ¯ve,martial,milieu,purport,,,,,,,,,,,,,
numinous,incisive,negate,martinet,modify,pusillanimous,,,,,,,,,,,,,
obdurate,incoherent,neologism,maudlin,mollify,quagmire,,,,,,,,,,,,,
obeisance,incorporate,neophyte,maunder,monolithic,quail,,,,,,,,,,,,,
obfuscate,incorrigible,net,maverick,moribund,qualified,,,,,,,,,,,,,
oblivious,inculcate,nettle,mawkish,mortality,qualm,,,,,,,,,,,,,
obscure,incumbent,nevertheless or nonetheless,maxim,mortify,query,,,,,,,,,,,,,
obsequious,indefatigable,noisome,meander,motivate,quibble,,,,,,,,,,,,,
obsolete,indictment,nominal,melancholy,mundane,quiescent,,,,,,,,,,,,,
obstinate,indigenous,nontrivial,melee,munificent,quorum,,,,,,,,,,,,,
obstreperous,indignant,normative,mellifluous,murky,raconteur,,,,,,,,,,,,,
obviate,indomitable,notoriety,mendacity,myriad,rail,,,,,,,,,,,,,
occlude,industrious,novel,mendicant,nadir,raiment,,,,,,,,,,,,,
odious,ineffable,nuance,mercurial,naive,ramification,,,,,,,,,,,,,
officious,ineluctable,obdurate,mesmerize,nascent,rarefied,,,,,,,,,,,,,
ominous,inestimable,objective,meteoric,nebulous,rationale,,,,,,,,,,,,,
omnipresent,inexorable,oblique,meticulous,nefarious,rebu,,,,,,,,,,,,,
onerous,infinitesimal,obsequious,mettlesome,negligible,recalcitrant,,,,,,,,,,,,,
opaque,influx,obsolete,misanthrope,nepotism,recant,,,,,,,,,,,,,
opprobrium,ingenious,obstinate,misattribute,nettle,recluse,,,,,,,,,,,,,
ossify,ingenuous,obviate,misconstrue,neurotic,recondite,,,,,,,,,,,,,
ostentatious,ingrained,occlude,miscreant,neutralize,redoubtable,,,,,,,,,,,,,
oust,ingratiate,occult,miser,nirvana,refractory,,,,,,,,,,,,,
outlandish,inimical,offhand,misogynist,noisome,refulgent,,,,,,,,,,,,,
outstrip,inimitable,officious,mitigate,nomadic,refute,,,,,,,,,,,,,
overt,innate,offset,modicum,nominal,regale,,,,,,,,,,,,,
pacify,innocuous,onerous,mollify,nondescript,relegate,,,,,,,,,,,,,
painstaking,inordinate,opaque,moment,nonentity,remonstrate,,,,,,,,,,,,,
palpable,inscrutable,opine,moot,nostalgia,renege,,,,,,,,,,,,,
panacea,insinuate,opprobrium,mordant,nuance,reparation,,,,,,,,,,,,,
panache,insipid,optimal or optimum,moribund,nullify,repine,,,,,,,,,,,,,
paradigmatic,insolence,orotund,morose,nurture,reprise,,,,,,,,,,,,,
paradoxical,insular,orthodox,morph,nutritive,reproach,,,,,,,,,,,,,
paragon,integrate,oscillate,mulct,obese,reprobate,,,,,,,,,,,,,
parochial,interloper,ossify,mundane,obliterate,repudiate,,,,,,,,,,,,,
parsimonious,intimate,ostensible or ostensive,munificent,obloquy,rescind,,,,,,,,,,,,,
partial,intrepid,ostentatious,muted,obscure,resolution,,,,,,,,,,,,,
pastiche,intrinsic,outstrip,myopic,obsequious,resolve,,,,,,,,,,,,,
patent,intrusive,overshadow,myriad,obsess,reticent,,,,,,,,,,,,,
patronize,inundated,overwrought,nadir,obsolescence,reverent,,,,,,,,,,,,,
peccadillo,inveigh,palatial,negligible,obviate,riposte,,,,,,,,,,,,,
peculiar,inveigle,palliate,nettlesome,occult,rococo,,,,,,,,,,,,,
pedantic,invidious,pallid,noisome,octogenarian,rubric,,,,,,,,,,,,,
pedestrian,inviolate,panache,nonchalant,of the first water,rue,,,,,,,,,,,,,
pellucid,irascible,panegyric,nonplussed,off the beaten track,ruse,,,,,,,,,,,,,
penchant,irk,panoply,nuance,ominous,sage,,,,,,,,,,,,,
pensive,ironic,paradigm,obdurate,omnipotent,salacious,,,,,,,,,,,,,
penurious,irresolute,paradox,objurgate,omnivorous,salubrious,,,,,,,,,,,,,
perennial,jargon,paragon,obliging,on pins and needles,salutary,,,,,,,,,,,,,
perfidy,jejune,pare,oblique,on tenter hooks,sanction,,,,,,,,,,,,,
perfunctory,jettison,pariah,obscure,on the bandwagon,sardonic,,,,,,,,,,,,,
perilous,jingoism,parley,obsequious,on the carpet,sartorial,,,,,,,,,,,,,
peripheral,jocose,parry,obstinate,on the dot,satiate,,,,,,,,,,,,,
pernicious,judicious,partial,obstreperous,on the qui vive,saturate,,,,,,,,,,,,,
perpetrate,juggernaut,partisan,obtain,on the spur of the moment,saturnine,,,,,,,,,,,,,
perpetuate,juvenescence,pastiche,obtuse,once in a blue moon,satyr,,,,,,,,,,,,,
perseverance,juxtapose,patent,officious,one swallow doesn't make a summer,savor,,,,,,,,,,,,,
perspicacious,kindle,pathogenic,opaque,opprobrium,schematic,,,,,,,,,,,,,
pertinacious,kindred,pathological,opulence,opulence,secrete,,,,,,,,,,,,,
pertinent,kismet,patronizing,ornate,originate,sedition,,,,,,,,,,,,,
pervasive ,kowtow,paucity,ossify,ostensible,sedulous,,,,,,,,,,,,,
petulant,lachrymose,peccadillo,ostentatious,ostentatious,seismic,,,,,,,,,,,,,
philistine,lackadaisical,pedant,ostracize,oust,sensual,,,,,,,,,,,,,
phlegmatic,laconic,peddle,overweening,out of one's depth,sensuous,,,,,,,,,,,,,
pious ,lampoon,pedestrian,palatable,out of the frying pan into the fire,sentient,,,,,,,,,,,,,
piquant,languid,pejorative,palaver,out on a limb,servile,,,,,,,,,,,,,
pithy,largess,pellucid,palimpsest,overt,sextant,,,,,,,,,,,,,
placate,lassitude,penchant,panacea,pall,shard,,,,,,,,,,,,,
placid,latent,penitent,panache,palliate,sidereal,,,,,,,,,,,,,
plaintive,laudable,penumbra,panegyric,paltry,simian,,,,,,,,,,,,,
plastic,lax,penury,paradoxical,panacea,simile,,,,,,,,,,,,,
platitude,legerdemain,per se,paragon,pandemonium,sinecure,,,,,,,,,,,,,
pliant,lenient,peregrinate,pariah,parable,singular,,,,,,,,,,,,,
plodding,levity,perennial,parochial,paradox,sinuous,,,,,,,,,,,,,
ploy,licentious,perfidious,parsimonious,paragon,skeptic,,,,,,,,,,,,,
plucky,lionized,perfunctory,parvenu,paramount,sobriety,,,,,,,,,,,,,
poignant,listless,peripatetic,pastoral,pariah,sodden,,,,,,,,,,,,,
poise,logorrhea,peripheral,patent,paroxysm,solicitous,,,,,,,,,,,,,
polarize,loquacious,permeate,patronize,parsimonious,soliloquy,,,,,,,,,,,,,
polemical,lovelorn,pernicious,paucity,pass the buck,solvent,,,,,,,,,,,,,
polymath,lucid,perspicacious,pecuniary,passe,somatic,,,,,,,,,,,,,
pomposity,lucre,pervasive,pedantic,pathetic,soporific,,,,,,,,,,,,,
ponderous,ludicrous,phalanx,pedestrian,paucity,sordid,,,,,,,,,,,,,
portend,lugubrious,philanthropy,peevish,pecuniary,specious,,,,,,,,,,,,,
precarious,lumber,philistine,pejorative,pedagogue,spectrum,,,,,,,,,,,,,
precipitate,luminary,phlegmatic,pellucid,penance,spendthrift,,,,,,,,,,,,,
precipitous,lurid,phony,penurious,penchant,sporadic,,,,,,,,,,,,,
preclude,macabre,pious,percipient,penitent,squalor,,,,,,,,,,,,,
precocious,macerate,pith,peremptory,pensive,staccato,,,,,,,,,,,,,
predicament,machination,placate,perennial,penury,stanch,,,,,,,,,,,,,
predilection ,maelstrom,placid,perfidy,perceive,stentorian,,,,,,,,,,,,,
premeditate,magisterial,plastic,perfunctory,peregrination,stigma,,,,,,,,,,,,,
prescient,magnanimous,platitude,peripatetic,peremptory,stint,,,,,,,,,,,,,
presumptuous,magnate,plausible,pernicious,perfidious,stipulate,,,,,,,,,,,,,
pretentious,makeshift,plebian or plebeian,perpetuate,perfunctory,stolid,,,,,,,,,,,,,
prevaricate,malevolent,plethora,perquisite,permeate,stratified,,,,,,,,,,,,,
prime,malfeasance,plucky,perspicacious,pernicious,striated,,,,,,,,,,,,,
pristine,malign,plummet,pertinent,perpetrate,stricture,,,,,,,,,,,,,
probity,malinger,plutocracy,perturb,perpetuate,strident,,,,,,,,,,,,,
proclivity,malleable,polarized,peruse,persevere,strut,,,,,,,,,,,,,
prodigal,manacle,polemic,petulant,perspicacious,stultify,,,,,,,,,,,,,
prodigious,mandate,politic,phantasmagorical,pertinent,stupefy,,,,,,,,,,,,,
proficient,manifold,polyglot,philistine,peruse,stygian,,,,,,,,,,,,,
profligate,marginal,ponderous,phlegmatic,perverse,subpoena,,,,,,,,,,,,,
profound,marshal,posit,picayune,pesky,subside,,,,,,,,,,,,,
profundity,maudlin,posthumous,pillory,phenomenon,substantiate,,,,,,,,,,,,,
profuse,mawkish,potentate,pine,Philadelphia lawyer,substantive,,,,,,,,,,,,,
proliferate,meager,pragmatic,pinnacle,phlegmatic,subsume,,,,,,,,,,,,,
prolix,meddle,prattle,piquant,phobia,subversive,,,,,,,,,,,,,
propagate,meld,preamble,pith,pinnacle,succor,,,,,,,,,,,,,
propensity,mellifluous,precarious,pithy,pique,suffrage,,,,,,,,,,,,,
prophetic,melodramatic,precipitate,pittance,pittance,sundry,,,,,,,,,,,,,
propitious,mendacity,precursor,placate,placard,supersede,,,,,,,,,,,,,
propriety,mendicant,predilection,placid,plaintiff,supine,,,,,,,,,,,,,
prosaic,menial,predisposed,platitude,platitude,supplant,,,,,,,,,,,,,
providential,mephitic,preempt or pre-empt,plodding,plea bargain,suppliant,,,,,,,,,,,,,
provincial,mercenary,prescient,ploy,plethora,supplicant,,,,,,,,,,,,,
provocative,mercurial,presumptive,plucky,plight,supposition,,,,,,,,,,,,,
prowess,meretricious,presumptuous,poignant,poignant,syllogism,,,,,,,,,,,,,
proxy,meterological,pretentious,polemic,ponder,sylvan,,,,,,,,,,,,,
prudent,meticulous,preternatural,Pollyannaish,potent,tacit,,,,,,,,,,,,,
prurient,mettle,prevaricate,ponderous,potentate,talisman,,,,,,,,,,,,,
puerile,miasma,primacy,pontificate,potential,tangential,,,,,,,,,,,,,
pugnacious,microcosm,principled,portentous,potpourri,tautology,,,,,,,,,,,,,
punctilious,milieu,pristine,posit,pragmatic,taxonomy,,,,,,,,,,,,,
qualm,milquetoast,probity,powwow,precedent,tenet,,,,,,,,,,,,,
quandary,mimetic,proclivity,pragmatic,precipitate,tenuous,,,,,,,,,,,,,
quarantine,minatory,prodigal,precarious,preclude,terrestrial,,,,,,,,,,,,,
quash,minion,prodigious,precedent,precocious,theocracy,,,,,,,,,,,,,
quibble,misanthrope,profligate,precipitate,prelude,thespian,,,,,,,,,,,,,
quiescent,miscreant,profound,precipitous,premise,timbre,,,,,,,,,,,,,
quirky,miserly,profuse,preclude,premonition,tirade,,,,,,,,,,,,,
quixotic,misnomer,prohibitive,precocious,prerogative,toady,,,,,,,,,,,,,
radical,mitigate,proliferate,predilection,prestigious,tome,,,,,,,,,,,,,
ramification,modicum,prolix,preempt,pretext,torpor,,,,,,,,,,,,,
rampant,modish,prologue,preemptive,prevalent,torque,,,,,,,,,,,,,
rapacious,monastic,pronounced,prescience,prevarication,tortuous,,,,,,,,,,,,,
rational,morass,propagate,presentiment,privation,tout,,,,,,,,,,,,,
ravage,morbid,propensity,presumption,procrastinate,tractable,,,,,,,,,,,,,
recant,mordant,prophetic,presumptuous,prodigious,transgression,,,,,,,,,,,,,
recluse,mores,propitiate,prevail,prodigy,transient,,,,,,,,,,,,,
reconcile,moribund,propitious,prevaricate,proffer,translucent,,,,,,,,,,,,,
recondite,morose,propriety,primacy,profligate,travail,,,,,,,,,,,,,
recourse,motile,prosaic,pristine,profound,travesty,,,,,,,,,,,,,
recrudescent,motley,proscribe,probity,profuse,treatise,,,,,,,,,,,,,
redoubtable,multifaceted,prospective,prodigal,progeny,tremulous,,,,,,,,,,,,,
refine,mundane,providential,prodigious,prognosticate,trepidation,,,,,,,,,,,,,
refute,munificent,proxy,profligate,prohibition,truculence,,,,,,,,,,,,,
regress,myopic,prudent,profuse,prolific,tryst,,,,,,,,,,,,,
reiterate,myriad,prÃ©cis,profusion,promulgate,tumid,,,,,,,,,,,,,
relegate,nadir,puerile,prognostication,propagate,turbid,,,,,,,,,,,,,
relent,naivete,pugilism,prolific,propensity,turgid,,,,,,,,,,,,,
relinquish,nascent,pugnacious,prolixity,propinquity,tutelary,,,,,,,,,,,,,
relish,nebulous,puissance,promulgate,propitious,uncanny,,,,,,,,,,,,,
remedial,neophyte,pulchritude,propitiate,propriety,undulating,,,,,,,,,,,,,
remote,nepotism,pungent,propitious,proximity,unfeigned,,,,,,,,,,,,,
remuneration,nettle,pusillanimous,proponent,prudent,untenable,,,,,,,,,,,,,
render,newfangled,qualified,prosaic,pugnacious,untoward,,,,,,,,,,,,,
renege,noisome,quandary,proscribe,puissant,usury,,,,,,,,,,,,,
renounce,non sequitur,querulous,proselytize,pungent,vacillate,,,,,,,,,,,,,
repercussion,nonchalant,quibble,protean,puny,vacuous,,,,,,,,,,,,,
repertoire,nondescript,quiescent,provident,put the cart before the horse,valedictory,,,,,,,,,,,,,
replenish,nonpareil,quixotic,provincial,Pyrrhic victory,vapid,,,,,,,,,,,,,
reproach,nonplussed,quotidian,provisional,qualm,variegated,,,,,,,,,,,,,
reprobate,nontrivial,raconteur,puerile,quandary,vaunt,,,,,,,,,,,,,
repudiate,normative,ranks,pugnacious,quarry,venal,,,,,,,,,,,,,
repugnant,nostalgia,rarefied,puissant,quell,vendetta,,,,,,,,,,,,,
resilient,nostrum,reactant,punctilious,quip,venerate,,,,,,,,,,,,,
resolute,notorious,reap,pundit,rabid,veracious,,,,,,,,,,,,,
restive,novel,recalcitrant,pyrrhic,raconteur,verbose,,,,,,,,,,,,,
retaliate,novitiate,recant,quail,rail,vertigo,,,,,,,,,,,,,
reticent,noxious,recapitulate,qualify,raiment,vexation,,,,,,,,,,,,,
retiring,nuance,recluse,qualm,rampant,viable,,,,,,,,,,,,,
rhapsody,nugatory,recondite,quandary,rash,vindictive,,,,,,,,,,,,,
rhetoric,obdurate,recrudescent,querulous,rationalize,virtuoso,,,,,,,,,,,,,
rigor,obeisance,redound,quip,raucous,visage,,,,,,,,,,,,,
robust,obfuscated,redress,quisling,raze,viscous,,,,,,,,,,,,,
rudimentary,objectionable,refractory,quixotic,realm,vitiate,,,,,,,,,,,,,
ruminate,objective,refulgent,quotidian,rebuke,vituperative,,,,,,,,,,,,,
sadistic,objurgation,refute,raconteur,recant,vivisection,,,,,,,,,,,,,
sagacious,obloquy,rejoinder,raffish,recoil,vogue,,,,,,,,,,,,,
salubrious,obsequious,relegate,raft,recondite,volatile,,,,,,,,,,,,,
salutary,obstinate,remedial,raillery,red-letter day,vortex,,,,,,,,,,,,,
sanctimonious,obstreperous,rend,rakish,redolent,warranted,,,,,,,,,,,,,
sanction,obtrusive,render,rankle,redress,wary,,,,,,,,,,,,,
sanguine,occluded,repast,rapprochement,refute,welter,,,,,,,,,,,,,
satirical,odious,repertorial,rarefied,relegate,whimsical,,,,,,,,,,,,,
scant,officious,replete,rash,remiss,wistful,,,,,,,,,,,,,
scathing,offset,repose,ravenous,remote,zealot,,,,,,,,,,,,,
schism,ogle,reproach,rebuke,renumeration,,,,,,,,,,,,,,
scintillating,omission,reprobate,recapitulation,repent,,,,,,,,,,,,,,
scorn,omniscient,repudiate,reconcile,repertoire,,,,,,,,,,,,,,
scrupulous,onus,requite,recondite,replenish,,,,,,,,,,,,,,
sedulous,opaque,rescind,recrimination,replete,,,,,,,,,,,,,,
sensational,openhanded,resolution,recrudesce,repose,,,,,,,,,,,,,,
sentimental,opine,resolve,redoubtable,reprehensible,,,,,,,,,,,,,,
serendipitous,opportune,respectively,redress,repress,,,,,,,,,,,,,,
serene,opprobrium,restive,refractory,reprimand,,,,,,,,,,,,,,
sever,opulent,resurgent,refute,reproach,,,,,,,,,,,,,,
sham,ornate,reticent,relegate,repudiate,,,,,,,,,,,,,,
shirk,orthodox,retrospective,remiss,repugnant,,,,,,,,,,,,,,
shrill,oscillate,revamp,remonstrate,repulse,,,,,,,,,,,,,,
sinecure,ossified,reverent,renege,reputed,,,,,,,,,,,,,,
sinuous,ostentatious,rhetoric,replete,requisite,,,,,,,,,,,,,,
skirt,ostracized,ribald,reprisal,resourceful,,,,,,,,,,,,,,
skittish,otiose,ridden,reproach,respite,,,,,,,,,,,,,,
skullduggery,outmoded,rife,reprobate,restrictive,,,,,,,,,,,,,,
slander,outstrip,rift,repudiate,reticent,,,,,,,,,,,,,,
slight,overshadow,rococo,rescind,retort,,,,,,,,,,,,,,
slovenly,overweening,rudimentary,reservation,retrospect,,,,,,,,,,,,,,
sluggish,pacific,rue,resignation,reverberating,,,,,,,,,,,,,,
soliloquy,painstaking,ruminate,resolve,revere,,,,,,,,,,,,,,
somnolent,palatable,rustic,respite,revert,,,,,,,,,,,,,,
sophisticated,palatial,sacrosanct,restive,reviled,,,,,,,,,,,,,,
sophistry,palimpsest,sagacious,resurgent,rhetoric,,,,,,,,,,,,,,
soporific,pall,salient,reticent,rife,,,,,,,,,,,,,,
sordid,palliate,salubrious,retiring,rift,,,,,,,,,,,,,,
sound,pallid,sanction,retract,romp,,,,,,,,,,,,,,
sparse,panacea,sanguine,reverent,roster,,,,,,,,,,,,,,
spartan,pander,sap,ribald,rudimentary,,,,,,,,,,,,,,
specious,pangs,sardonic,rile,rue,,,,,,,,,,,,,,
spendthrift,panned,satiate or sate,robust,ruminate,,,,,,,,,,,,,,
sporadic,paradigm,saturate,row,rustic,,,,,,,,,,,,,,
spurious,paragon,savant,rudimentary,saga,,,,,,,,,,,,,,
spurn,pariah,savor,rustic,sage,,,,,,,,,,,,,,
squander,parley,scant,sagacious,salient,,,,,,,,,,,,,,
stalwart,parochial,scathing,sanctimonious,sally,,,,,,,,,,,,,,
stanch,parody,scintilla,sanction,salubrious,,,,,,,,,,,,,,
steadfast,paroxysm,scurvy,sangfroid,salvation,,,,,,,,,,,,,,
stern,parsimonious,searchingly,sanguine,sanctimonious,,,,,,,,,,,,,,
stigmatize,partiality,secrete,sardonic,sanction,,,,,,,,,,,,,,
stinting,partisan,secular,sartorial,sanctuary,,,,,,,,,,,,,,
stoic,pastiche,sedition,saturnine,sanguine,,,,,,,,,,,,,,
stolid,pathos,sedulous,savvy,satiety,,,,,,,,,,,,,,
strife,patois,semantic,schadenfreude,saturate,,,,,,,,,,,,,,
stringent,paucity,sentient,scintillating,save face,,,,,,,,,,,,,,
subjective,pedantic,seraphic,screed,schism,,,,,,,,,,,,,,
subordinate,pedestrian,shard,scrupulous,scion,,,,,,,,,,,,,,
subservient,peevish,simultaneous,sedulous,scoff,,,,,,,,,,,,,,
subside,penchant,sinecure,self-effacing,scrutinize,,,,,,,,,,,,,,
substantiate,pendulous,skeptic,semblance,scurrilous,,,,,,,,,,,,,,
subsume,penitent,skirt,sententious,scurry,,,,,,,,,,,,,,
subtle,penurious,skittish,sentimental,sedate,,,,,,,,,,,,,,
subvert,penury,slack,serendipity,sedentary,,,,,,,,,,,,,,
superficial,peons,slake,serene,senile,,,,,,,,,,,,,,
superfluous,peregrinate,slew,simulacrum,serenity,,,,,,,,,,,,,,
supersede,peremptory,slight,sinecure,servile,,,,,,,,,,,,,,
supplant,perennial,sobriquet,slapdash,shibboleth,,,,,,,,,,,,,,
supple,perfidy,solecism,smattering,sinecure,,,,,,,,,,,,,,
supplicate,perfunctory,solicitous,smug,singular,,,,,,,,,,,,,,
surfeit,peripatetic,solidarity,snide,sinister,,,,,,,,,,,,,,
surmount,peripheral,somatic,snub,site,,,,,,,,,,,,,,
surreptitious,permeated,soporific,solecism,Skid Row,,,,,,,,,,,,,,
suspect,permutation,sound,solicitous,skirmish,,,,,,,,,,,,,,
swindle,pernicious,spartan,solicitude,sleep on it,,,,,,,,,,,,,,
synoptic ,perquisites,spate,soporific,slovenly,,,,,,,,,,,,,,
tacit,personified,spearhead,sordid,sojourn,,,,,,,,,,,,,,
taciturn,perspicacious,specious,spartan,solace,,,,,,,,,,,,,,
tact,pertinacious,spectrum,specious,solicit,,,,,,,,,,,,,,
tangential,perturb,speculate,spendthrift,somber,,,,,,,,,,,,,,
tangible,pervasive,sporadic,splenetic,sophistry,,,,,,,,,,,,,,
tantalizing,perverse,sportive,sporadic,sordid,,,,,,,,,,,,,,
tantamount,petulant,squalid,spurious,sour grapes,,,,,,,,,,,,,,
tarnish,philander,squelch,spurn,spate,,,,,,,,,,,,,,
tedious,phlegmatic,standing,squander,spew,,,,,,,,,,,,,,
temerity,physiological,stark,squelch,spontaneous,,,,,,,,,,,,,,
temper,picaresque,stasis,staid,sporadic,,,,,,,,,,,,,,
tempestuous,picayune,static,stalwart,spurious,,,,,,,,,,,,,,
temporal,picturesque,status quo,start,squeamish,,,,,,,,,,,,,,
tenable,piebald,steeped,staunch,stagnant,,,,,,,,,,,,,,
tendentious,pilfer,stentorian,steadfast,staunch,,,,,,,,,,,,,,
tentative,pillory,stigma,stem,steal one's thunder,,,,,,,,,,,,,,
tenuous,pinnacle,stingy,stipend,steeped,,,,,,,,,,,,,,
tepid,pioneering,stint,stolid,stentorian,,,,,,,,,,,,,,
terse,piquant,stipulate,stringent,stereotype,,,,,,,,,,,,,,
thorough,pitfall,stoic or stoical,stultify,stiff upper lip,,,,,,,,,,,,,,
timorous,pith,stolid,stymie,stigmatize,,,,,,,,,,,,,,
tirade,pittance,stratagem,subsume,stipulate,,,,,,,,,,,,,,
torpor,pivotal,stratum,subterfuge,stock in trade,,,,,,,,,,,,,,
tortuous,placate,strut,subversive,straight from the shoulder,,,,,,,,,,,,,,
tout,plaintive,stymie or stymy,sullen,strident,,,,,,,,,,,,,,
tractable,platitude,subjective,summit,strife,,,,,,,,,,,,,,
tranquil,platonic,sublime,supercilious,stunted,,,,,,,,,,,,,,
transcend,plaudits,subpoena,superfluous,stupor,,,,,,,,,,,,,,
transgression,plausible,subside,supplant,stymie,,,,,,,,,,,,,,
transient,plebeian,substantiate,surfeit,subjugate,,,,,,,,,,,,,,
transitory,plenipotentiary,succeeding,surly,subservient,,,,,,,,,,,,,,
treatise,pluck,sully,surreptitious,substantiate,,,,,,,,,,,,,,
trenchant,plutocracy,supersede,sybarite,subterfuge,,,,,,,,,,,,,,
trifling,polarize,supplant,sycophant,subterranean,,,,,,,,,,,,,,
trivial,polemic,supplicate,taciturn,succinct,,,,,,,,,,,,,,
truculent,politesse,supposition,tact,succulent,,,,,,,,,,,,,,
turbid,politic,surfeit,tantamount,succumb,,,,,,,,,,,,,,
turbulent,pomp,surly,tarnish,sullen,,,,,,,,,,,,,,
turgid,ponderous,surmise,tawdry,sultry,,,,,,,,,,,,,,
turpitude,portentous,surrogate,taxing,sumptuous,,,,,,,,,,,,,,
ubiquitous,poseur,sybarite,telling,superficial,,,,,,,,,,,,,,
ulterior,posit,sycophant,telltale,superfluous,,,,,,,,,,,,,,
umbrage,posthumous,symbiosis,temerity,supine,,,,,,,,,,,,,,
unalloyed,pragmatic,synchronous,temperance,supplication,,,,,,,,,,,,,,
undercut,prattle,synoptic,tempered,surfeit,,,,,,,,,,,,,,
undermine,precarious,syntax,tempestuous,surge,,,,,,,,,,,,,,
underscore,precocious,table,tenacious,surmise,,,,,,,,,,,,,,
understated,precursor,tacit,tendentious,surreptitious,,,,,,,,,,,,,,
universal,predilection,taciturn,tender,susceptible,,,,,,,,,,,,,,
unprecedented,premonition,tangential,thoroughgoing,swan song,,,,,,,,,,,,,,
unscrupulous,prescient,tawdry,thrifty,swap horses in midstream,,,,,,,,,,,,,,
unseemly,pretext,temperance,thwart,symptomatic,,,,,,,,,,,,,,
upbraid,prevarication,tendentious,timorous,taboo,,,,,,,,,,,,,,
urbane,primed,tenuous,tirade,tacit,,,,,,,,,,,,,,
utilitarian,primordial,terrestrial,torpor,taint,,,,,,,,,,,,,,
utterly,pristine,terse,tortuous,take the bull by the horns,,,,,,,,,,,,,,
vacillate,proclivity,timely,tout,take the wind out of one's sails,,,,,,,,,,,,,,
vacuous,prodigal,timorous,tractable,tangible,,,,,,,,,,,,,,
valor,prodigious,tirade,transient,tantalize,,,,,,,,,,,,,,
vanquish,profane,toady,transitory,tantamount,,,,,,,,,,,,,,
vapid,profligacy,token,transmute,taut,,,,,,,,,,,,,,
venal,profound,tome,travail,technology,,,,,,,,,,,,,,
venerate,profuse,torpor,travesty,temerity,,,,,,,,,,,,,,
veracity,progenitors,torrid,treacherous,tenable,,,,,,,,,,,,,,
verbose,prognosticate,tortuous,trenchant,tenacious,,,,,,,,,,,,,,
verisimilitude,proliferate,tractable,tribulation,termagant,,,,,,,,,,,,,,
veritable,prolific,transgression,trite,terminate,,,,,,,,,,,,,,
versatile,prolix,transitory,truculence,terra firma,,,,,,,,,,,,,,
verve,prominent,travesty,truculent,terse,,,,,,,,,,,,,,
vexation,promulgate,treacherous,truncate,the acid test,,,,,,,,,,,,,,
viable,pronounced,trenchant,tumult,the die is cast,,,,,,,,,,,,,,
vigilant,propagate,trifling,turgid,the distaff side,,,,,,,,,,,,,,
virulent,propensity,trite,turpitude,the grapevine,,,,,,,,,,,,,,
visionary,prophetic,truculent,tyro,the lion's share,,,,,,,,,,,,,,
vitality,propitious,tumultuous,umbrage,the sum and substance,,,,,,,,,,,,,,
vitiate,propriety,turgid,unassailable,the sword of Damocles,,,,,,,,,,,,,,
vivacious,prosaic,turpitude,uncanny,"the world, the flesh, and the devil",,,,,,,,,,,,,,
vociferous,protean,tyro,uncompromising,the writing on the wall,,,,,,,,,,,,,,
volatile,providential,ubiquitous,unconscionable,therapy,,,,,,,,,,,,,,
voluble,provincial,umbrage,undermine,throng,,,,,,,,,,,,,,
wane,prowess,unconscionable,underscore,through thick and thin,,,,,,,,,,,,,,
wary,proximity,undermine,underwrite,thumbs down,,,,,,,,,,,,,,
wayward,prudent,underscore,unequivocal,thwart,,,,,,,,,,,,,,
weary,puerile,unearth,unflappable,timorous,,,,,,,,,,,,,,
wheedle,pugnacious,unequivocal,unforthcoming,tinge,,,,,,,,,,,,,,
whimsical,pulchritude,unprecedented,unimpeachable,to be at large,,,,,,,,,,,,,,
wily,punctilious,unseemly,unnerve,to be in fine fettle,,,,,,,,,,,,,,
woeful,pungent,unsparing,unprecedented,to be under a cloud,,,,,,,,,,,,,,
xenophobic,punitive,untempered,unprepossessing,to beard the lion,,,,,,,,,,,,,,
yield,purist,upbraid,unpropitious,to break the ice,,,,,,,,,,,,,,
zealous,pusillanimous,usury,unruly,to bring down the house,,,,,,,,,,,,,,
zenith,putrid,vacillate,unscrupulous,to build upon sand,,,,,,,,,,,,,,
,quagmire,vanguard,unseemly,to burn the midnight oil,,,,,,,,,,,,,,
,quail,variegated,unstinting,to carry the day,,,,,,,,,,,,,,
,quandary,venerate,untenable,to cool one's heels,,,,,,,,,,,,,,
,quash,veracity,untoward,to do one's heart good,,,,,,,,,,,,,,
,querulous,verbose,untrammeled,to draw in one's horns,,,,,,,,,,,,,,
,quiescent,verdant,unviable,to eat humble pie,,,,,,,,,,,,,,
,quintessential,verisimilar,upbraid,to feather one's nest,,,,,,,,,,,,,,
,quixotic,vernal,urbane,to flog a dead horse,,,,,,,,,,,,,,
,quizzical,vestige,vacillate,to get off one's high horse,,,,,,,,,,,,,,
,quotidian,vex,vacuous,to get one's back up,,,,,,,,,,,,,,
,raconteur,via,vanquish,to get the sack,,,,,,,,,,,,,,
,ragamuffin,viable,variance,to get up on the wrong side of the bed,,,,,,,,,,,,,,
,raiment,vicissitude,vaunted,to go up in smoke,,,,,,,,,,,,,,
,ramification,vim,vehement,to have at one's fingertips,,,,,,,,,,,,,,
,rampant,vintage,venality,to hit the nail on the head,,,,,,,,,,,,,,
,rancorous,virtual,veneer,to lay one's cards on the table,,,,,,,,,,,,,,
,rankled,virulent,venerate,to leave no stone unturned,,,,,,,,,,,,,,
,rapacious,viscid or viscous,venial,to lionize a person,,,,,,,,,,,,,,
,rapt,vitriol,veracious,to live in a fool's paradise,,,,,,,,,,,,,,
,rapturous,vituperate,verisimilitude,to maintain the status quo,,,,,,,,,,,,,,
,rarefied,vociferous,veritable,to make ends meet,,,,,,,,,,,,,,
,rash,volatile,vicarious,to make the best of a bad bargain,,,,,,,,,,,,,,
,raucous,voluble,vicissitude,to pay the piper,,,,,,,,,,,,,,
,raze,wan,vie,to play possum,,,,,,,,,,,,,,
,readily,wanton,vilify,to pour oil on troubled waters,,,,,,,,,,,,,,
,realization,warranted,vindicate,to pull one's own weight,,,,,,,,,,,,,,
,reap,wary,vindictive,to pull up stakes,,,,,,,,,,,,,,
,rebuttal,welter,virago,to raise Cain,,,,,,,,,,,,,,
,recalcitrant,whereas,vitriol,to rub a person the wrong way,,,,,,,,,,,,,,
,recant,whet,vitriolic,to rule the roost,,,,,,,,,,,,,,
,recapitulated,whimsical,vituperate,to show one's hand,,,,,,,,,,,,,,
,recidivist,whitewash,vociferous,to sow wild oats,,,,,,,,,,,,,,
,reclusive,wily,volubility,to spill the beans,,,,,,,,,,,,,,
,recondite,winnow,voracious,to split hairs,,,,,,,,,,,,,,
,recrudescent,winsome,wanting,to strike while the iron is hot,,,,,,,,,,,,,,
,rectitude,wizened,wanton,to take a leaf out of someone's book,,,,,,,,,,,,,,
,redouble,xenophobia,wax,to take by storm,,,,,,,,,,,,,,
,redress,yoke,whimsical,to take down a peg,,,,,,,,,,,,,,
,reductive,zeal,winsome,to take French leave,,,,,,,,,,,,,,
,redundant,zenith,zeitgeist,to take under one's wing,,,,,,,,,,,,,,
,refracted,,zenith,to tell tales out of school,,,,,,,,,,,,,,
,refractory,,,to throw cold water,,,,,,,,,,,,,,
,refulgent,,,to throw down the gauntlet,,,,,,,,,,,,,,
,refute,,,to throw the book at someone,,,,,,,,,,,,,,
,rejuvenated,,,to tighten one's belt,,,,,,,,,,,,,,
,relinquish,,,to tilt at windmills,,,,,,,,,,,,,,
,relish,,,to toe the mark,,,,,,,,,,,,,,
,remedial,,,to twist around one's finger,,,,,,,,,,,,,,
,reminiscent,,,to upset the apple cart,,,,,,,,,,,,,,
,remiss,,,to whitewash,,,,,,,,,,,,,,
,remunerated,,,tolerate,,,,,,,,,,,,,,
,renowned,,,tongue in cheek,,,,,,,,,,,,,,
,repertoire,,,tortuous,,,,,,,,,,,,,,
,replete,,,tounge in one's cheek,,,,,,,,,,,,,,
,reprehensible,,,tradition,,,,,,,,,,,,,,
,reprobate,,,tranquil,,,,,,,,,,,,,,
,reprove,,,transient,,,,,,,,,,,,,,
,repudiate,,,tremulous,,,,,,,,,,,,,,
,repugnant,,,trenchant,,,,,,,,,,,,,,
,requisite,,,trend,,,,,,,,,,,,,,
,resigned,,,trivial,,,,,,,,,,,,,,
,resilient,,,truncated,,,,,,,,,,,,,,
,resolute,,,turbulent,,,,,,,,,,,,,,
,resonant,,,turn the tables,,,,,,,,,,,,,,
,respite,,,turpitude,,,,,,,,,,,,,,
,resplendent,,,tussle,,,,,,,,,,,,,,
,restitution,,,two strings to one's bow,,,,,,,,,,,,,,
,restive,,,tyro,,,,,,,,,,,,,,
,resurgence,,,ubiquitous,,,,,,,,,,,,,,
,reticent,,,ultimate,,,,,,,,,,,,,,
,retiring,,,umbrage,,,,,,,,,,,,,,
,retrenchment,,,unabated,,,,,,,,,,,,,,
,retrospection,,,unconcionable,,,,,,,,,,,,,,
,revamp,,,unctuous,,,,,,,,,,,,,,
,revanche,,,under the wire,,,,,,,,,,,,,,
,reverberate,,,underwrite,,,,,,,,,,,,,,
,reverent,,,universal,,,,,,,,,,,,,,
,revile,,,unkempt,,,,,,,,,,,,,,
,revulsion,,,unmitigated,,,,,,,,,,,,,,
,rhapsodize,,,unsavory,,,,,,,,,,,,,,
,rhetorical,,,unwieldy,,,,,,,,,,,,,,
,rickety,,,urbane,,,,,,,,,,,,,,
,rift,,,usurp,,,,,,,,,,,,,,
,riposte,,,utopia,,,,,,,,,,,,,,
,risible,,,vacillate,,,,,,,,,,,,,,
,risque,,,valor,,,,,,,,,,,,,,
,roborant,,,vapid,,,,,,,,,,,,,,
,robust,,,vehemently,,,,,,,,,,,,,,
,rotund,,,veneer,,,,,,,,,,,,,,
,row,,,venerable,,,,,,,,,,,,,,
,rudimentary,,,venial,,,,,,,,,,,,,,
,ruffian,,,venom,,,,,,,,,,,,,,
,ruminate,,,vertigo,,,,,,,,,,,,,,
,saccharine,,,vestige,,,,,,,,,,,,,,
,sacrosanct,,,vexatious,,,,,,,,,,,,,,
,salacious,,,viable,,,,,,,,,,,,,,
,salient,,,vicissitudes,,,,,,,,,,,,,,
,salubrious,,,vigil,,,,,,,,,,,,,,
,salutary,,,vigilant,,,,,,,,,,,,,,
,sangfroid,,,vilify,,,,,,,,,,,,,,
,sanguine,,,vindicate,,,,,,,,,,,,,,
,sap,,,virile,,,,,,,,,,,,,,
,sapid,,,virtuosity,,,,,,,,,,,,,,
,sapient,,,virulent,,,,,,,,,,,,,,
,sardonic,,,vitiate,,,,,,,,,,,,,,
,sashayed,,,vitriolic,,,,,,,,,,,,,,
,satiated,,,vituperation,,,,,,,,,,,,,,
,scanty,,,vivacious,,,,,,,,,,,,,,
,scapegoat,,,vogue,,,,,,,,,,,,,,
,scathing,,,volition,,,,,,,,,,,,,,
,schadenfreude,,,voluble,,,,,,,,,,,,,,
,schism,,,voluminous,,,,,,,,,,,,,,
,scintillating,,,voracious,,,,,,,,,,,,,,
,sclerotic,,,vulnerable,,,,,,,,,,,,,,
,scofflaw,,,wan,,,,,,,,,,,,,,
,scotch,,,wane,,,,,,,,,,,,,,
,scrupulous,,,wary,,,,,,,,,,,,,,
,scrutinize,,,wash dirty linen in public,,,,,,,,,,,,,,
,scuffle,,,wear one's heart on one's sleeve,,,,,,,,,,,,,,
,scurrilous,,,wheedle,,,,,,,,,,,,,,
,scuttle,,,whet,,,,,,,,,,,,,,
,secretes,,,whimsical,,,,,,,,,,,,,,
,sectarian,,,wince,,,,,,,,,,,,,,
,secular,,,windfall,,,,,,,,,,,,,,
,sedentary,,,wink at,,,,,,,,,,,,,,
,sedulous,,,wistful,,,,,,,,,,,,,,
,segue,,,without rhyme or reason,,,,,,,,,,,,,,
,self-styled,,,woolgathering,,,,,,,,,,,,,,
,semblance,,,worth one's weight in gold,,,,,,,,,,,,,,
,seminal,,,wrest,,,,,,,,,,,,,,
,sententious,,,yen,,,,,,,,,,,,,,
,sentient,,,zealous,,,,,,,,,,,,,,
,sequacious,,,zenith,,,,,,,,,,,,,,
,sere,,,articulate,,,,,,,,,,,,,,
,serendipity,,,cabal,,,,,,,,,,,,,,
,servile,,,circuitous,,,,,,,,,,,,,,
,sham,,,denigrated,,,,,,,,,,,,,,
,shard,,,denouement,,,,,,,,,,,,,,
,shelve,,,despot,,,,,,,,,,,,,,
,shirk,,,dilatory,,,,,,,,,,,,,,
,showy,,,dolorous,,,,,,,,,,,,,,
,shrewd,,,emanating,,,,,,,,,,,,,,
,simper,,,enervated,,,,,,,,,,,,,,
,simulacrum,,,extenuating,,,,,,,,,,,,,,
,sinuous,,,foreboding,,,,,,,,,,,,,,
,skittish,,,glut,,,,,,,,,,,,,,
,skulduggery,,,grandeur,,,,,,,,,,,,,,
,skulk,,,guile,,,,,,,,,,,,,,
,slake,,,impasse,,,,,,,,,,,,,,
,slander,,,impregnable,,,,,,,,,,,,,,
,slatternly,,,inflicted,,,,,,,,,,,,,,
,slipshod,,,insurgent,,,,,,,,,,,,,,
,slothful,,,knell,,,,,,,,,,,,,,
,slovenly,,,macabre,,,,,,,,,,,,,,
,sojourn,,,miscreant,,,,,,,,,,,,,,
,solecism,,,mortal,,,,,,,,,,,,,,
,solicitous,,,neophyte,,,,,,,,,,,,,,
,solidarity,,,odious,,,,,,,,,,,,,,
,solipsistic,,,pathological,,,,,,,,,,,,,,
,somnolent,,,patriarch,,,,,,,,,,,,,,
,sonorous,,,polemic,,,,,,,,,,,,,,
,sophistry,,,prescient,,,,,,,,,,,,,,
,sophomoric,,,protocol,,,,,,,,,,,,,,
,soporific,,,ramifications,,,,,,,,,,,,,,
,sordid,,,rapacious,,,,,,,,,,,,,,
,soupcon,,,regimen,,,,,,,,,,,,,,
,sovereign,,,reverie,,,,,,,,,,,,,,
,sparing,,,risible,,,,,,,,,,,,,,
,sparse,,,specious,,,,,,,,,,,,,,
,specious,,,suffrage,,,,,,,,,,,,,,
,spendthrift,,,thespian,,,,,,,,,,,,,,
,splenetic,,,toxic,,,,,,,,,,,,,,
,spurious,,,verbatim,,,,,,,,,,,,,,
,squalid,,,,,,,,,,,,,,,,,
,squelch,,,,,,,,,,,,,,,,,
,stalwart,,,,,,,,,,,,,,,,,
,stanch,,,,,,,,,,,,,,,,,
,staple,,,,,,,,,,,,,,,,,
,statuesque,,,,,,,,,,,,,,,,,
,staunch,,,,,,,,,,,,,,,,,
,steadfast,,,,,,,,,,,,,,,,,
,stigmas,,,,,,,,,,,,,,,,,
,stilted,,,,,,,,,,,,,,,,,
,stolid,,,,,,,,,,,,,,,,,
,storied,,,,,,,,,,,,,,,,,
,stratagem,,,,,,,,,,,,,,,,,
,streamlined,,,,,,,,,,,,,,,,,
,strenuous,,,,,,,,,,,,,,,,,
,stricture,,,,,,,,,,,,,,,,,
,strident,,,,,,,,,,,,,,,,,
,stringent,,,,,,,,,,,,,,,,,
,stultify,,,,,,,,,,,,,,,,,
,stupefied,,,,,,,,,,,,,,,,,
,subjective,,,,,,,,,,,,,,,,,
,sublime,,,,,,,,,,,,,,,,,
,subsequent,,,,,,,,,,,,,,,,,
,subsidy,,,,,,,,,,,,,,,,,
,substantiate,,,,,,,,,,,,,,,,,
,subversive,,,,,,,,,,,,,,,,,
,subvert,,,,,,,,,,,,,,,,,
,succor,,,,,,,,,,,,,,,,,
,succumb,,,,,,,,,,,,,,,,,
,sullen,,,,,,,,,,,,,,,,,
,sumptuary,,,,,,,,,,,,,,,,,
,superficial,,,,,,,,,,,,,,,,,
,supplant,,,,,,,,,,,,,,,,,
,surly,,,,,,,,,,,,,,,,,
,surmise,,,,,,,,,,,,,,,,,
,surpassing,,,,,,,,,,,,,,,,,
,surreptitious,,,,,,,,,,,,,,,,,
,susceptible,,,,,,,,,,,,,,,,,
,swathe,,,,,,,,,,,,,,,,,
,sybarite,,,,,,,,,,,,,,,,,
,sycophant,,,,,,,,,,,,,,,,,
,synergy,,,,,,,,,,,,,,,,,
,synoptic,,,,,,,,,,,,,,,,,
,syntax,,,,,,,,,,,,,,,,,
,taciturn,,,,,,,,,,,,,,,,,
,tangible,,,,,,,,,,,,,,,,,
,taxonomic,,,,,,,,,,,,,,,,,
,temerity,,,,,,,,,,,,,,,,,
,temperance,,,,,,,,,,,,,,,,,
,tempestuous,,,,,,,,,,,,,,,,,
,temporal,,,,,,,,,,,,,,,,,
,tenable,,,,,,,,,,,,,,,,,
,tendentious,,,,,,,,,,,,,,,,,
,tensile,,,,,,,,,,,,,,,,,
,tenuous,,,,,,,,,,,,,,,,,
,tepid,,,,,,,,,,,,,,,,,
,terse,,,,,,,,,,,,,,,,,
,timorous,,,,,,,,,,,,,,,,,
,tirade,,,,,,,,,,,,,,,,,
,titular,,,,,,,,,,,,,,,,,
,tonic,,,,,,,,,,,,,,,,,
,toothsome,,,,,,,,,,,,,,,,,
,torpid,,,,,,,,,,,,,,,,,
,tortuous,,,,,,,,,,,,,,,,,
,totalitarian,,,,,,,,,,,,,,,,,
,touted,,,,,,,,,,,,,,,,,
,tranquil,,,,,,,,,,,,,,,,,
,transgression,,,,,,,,,,,,,,,,,
,transitory,,,,,,,,,,,,,,,,,
,treacly,,,,,,,,,,,,,,,,,
,tremulous,,,,,,,,,,,,,,,,,
,trepidation,,,,,,,,,,,,,,,,,
,trifling,,,,,,,,,,,,,,,,,
,truculent,,,,,,,,,,,,,,,,,
,truncated,,,,,,,,,,,,,,,,,
,tumid,,,,,,,,,,,,,,,,,
,tumultuous,,,,,,,,,,,,,,,,,
,turbid,,,,,,,,,,,,,,,,,
,turgid,,,,,,,,,,,,,,,,,
,turpitude,,,,,,,,,,,,,,,,,
,ubiquitous,,,,,,,,,,,,,,,,,
,umbrage,,,,,,,,,,,,,,,,,
,unadorned,,,,,,,,,,,,,,,,,
,unassuming,,,,,,,,,,,,,,,,,
,unbridled,,,,,,,,,,,,,,,,,
,unconscionable,,,,,,,,,,,,,,,,,
,unconventional,,,,,,,,,,,,,,,,,
,unctuous,,,,,,,,,,,,,,,,,
,uncultivated,,,,,,,,,,,,,,,,,
,undermine,,,,,,,,,,,,,,,,,
,underscore,,,,,,,,,,,,,,,,,
,understated,,,,,,,,,,,,,,,,,
,undulate,,,,,,,,,,,,,,,,,
,uniform,,,,,,,,,,,,,,,,,
,unkempt,,,,,,,,,,,,,,,,,
,unpretentiousness,,,,,,,,,,,,,,,,,
,unpropitious,,,,,,,,,,,,,,,,,
,unruly,,,,,,,,,,,,,,,,,
,unsavory,,,,,,,,,,,,,,,,,
,untenable,,,,,,,,,,,,,,,,,
,untoward,,,,,,,,,,,,,,,,,
,unwieldy,,,,,,,,,,,,,,,,,
,upbraided,,,,,,,,,,,,,,,,,
,urbane,,,,,,,,,,,,,,,,,
,usurious,,,,,,,,,,,,,,,,,
,usurp,,,,,,,,,,,,,,,,,
,utilitarian,,,,,,,,,,,,,,,,,
,utopian,,,,,,,,,,,,,,,,,
,vacuous,,,,,,,,,,,,,,,,,
,vainglorious,,,,,,,,,,,,,,,,,
,vanquished,,,,,,,,,,,,,,,,,
,vapid,,,,,,,,,,,,,,,,,
,variegated,,,,,,,,,,,,,,,,,
,vaunted,,,,,,,,,,,,,,,,,
,vehement,,,,,,,,,,,,,,,,,
,venal,,,,,,,,,,,,,,,,,
,veracious,,,,,,,,,,,,,,,,,
,verbose,,,,,,,,,,,,,,,,,
,verboten,,,,,,,,,,,,,,,,,
,verisimilar,,,,,,,,,,,,,,,,,
,vernacular,,,,,,,,,,,,,,,,,
,vertiginous,,,,,,,,,,,,,,,,,
,vestige,,,,,,,,,,,,,,,,,
,vex,,,,,,,,,,,,,,,,,
,vicarious,,,,,,,,,,,,,,,,,
,vigilant,,,,,,,,,,,,,,,,,
,vilify,,,,,,,,,,,,,,,,,
,vindicate,,,,,,,,,,,,,,,,,
,vindictive,,,,,,,,,,,,,,,,,
,virtuoso,,,,,,,,,,,,,,,,,
,virulent,,,,,,,,,,,,,,,,,
,viscous,,,,,,,,,,,,,,,,,
,vitiate,,,,,,,,,,,,,,,,,
,vitriolic,,,,,,,,,,,,,,,,,
,vituperated,,,,,,,,,,,,,,,,,
,vivacious,,,,,,,,,,,,,,,,,
,vocation,,,,,,,,,,,,,,,,,
,vociferous,,,,,,,,,,,,,,,,,
,volatile,,,,,,,,,,,,,,,,,
,volition,,,,,,,,,,,,,,,,,
,voluminous,,,,,,,,,,,,,,,,,
,voracious,,,,,,,,,,,,,,,,,
,voyeur,,,,,,,,,,,,,,,,,
,waffle,,,,,,,,,,,,,,,,,
,wan,,,,,,,,,,,,,,,,,
,wane,,,,,,,,,,,,,,,,,
,wanting,,,,,,,,,,,,,,,,,
,waspish,,,,,,,,,,,,,,,,,
,watershed,,,,,,,,,,,,,,,,,
,wax,,,,,,,,,,,,,,,,,
,welter,,,,,,,,,,,,,,,,,
,whet,,,,,,,,,,,,,,,,,
,whimsical,,,,,,,,,,,,,,,,,
,willful,,,,,,,,,,,,,,,,,
,wily,,,,,,,,,,,,,,,,,
,winnow,,,,,,,,,,,,,,,,,
,winsome,,,,,,,,,,,,,,,,,
,wistful,,,,,,,,,,,,,,,,,
,wizened,,,,,,,,,,,,,,,,,
,wont,,,,,,,,,,,,,,,,,
,woo,,,,,,,,,,,,,,,,,
,workmanlike,,,,,,,,,,,,,,,,,
,worldly,,,,,,,,,,,,,,,,,
,wrongheaded,,,,,,,,,,,,,,,,,
,wry,,,,,,,,,,,,,,,,,
,zealous,,,,,,,,,,,,,,,,,
,zenith,,,,,,,,,,,,,,,,,
,zephyr,,,,,,,,,,,,,,,,,
